example_id,baseline_correct,treatment_correct,baseline_chars,treatment_chars,baseline_tokens,treatment_tokens,baseline_parsed,treatment_parsed
gsm8k-test-00000-2b2e3f96,0,0,90,86,288,288,16,17
gsm8k-test-00001-de563650,0,0,49,40,288,288,10000000000000000,2
gsm8k-test-00002-d3c6224d,0,0,74,54,288,288,1000,50000
gsm8k-test-00003-94ff3611,0,0,97,12,288,263,10,180
gsm8k-test-00004-d28df8f7,0,0,4,9,261,262,15,40
gsm8k-test-00005-f76242d8,0,0,91,32,288,288,18,1000000000000000000000000000000
gsm8k-test-00006-6e9d9c1d,0,0,65,104,288,288,16,21
gsm8k-test-00007-6710fc83,0,0,95,32,288,288,4,1000000000000000000000000000000
gsm8k-test-00008-d458d139,0,0,81,83,288,288,4,2
gsm8k-test-00009-9b7b7769,0,0,124,49,288,288,100,45
gsm8k-test-00010-e526372b,0,0,97,116,288,288,12,30
gsm8k-test-00011-cd592c76,0,0,4,88,261,288,17,18
gsm8k-test-00012-44518896,0,0,54,9,288,107,1000000000000000000,7
gsm8k-test-00013-0f494281,0,0,88,37,288,288,10,1
gsm8k-test-00014-8aba72e5,0,0,40,59,288,288,0,20
gsm8k-test-00015-149e6bcf,0,0,6,5,263,262,1000,2.5
gsm8k-test-00016-3ee80dab,0,0,72,98,288,288,2,150
gsm8k-test-00017-43177c16,0,0,99,96,288,288,10,30
gsm8k-test-00018-851e6439,0,0,78,4,288,261,20,17
gsm8k-test-00019-154c8df4,0,0,91,74,288,288,10,100
gsm8k-test-00020-701ed181,1,0,60,5,273,262,15,3
gsm8k-test-00021-7240d8c1,0,0,96,118,288,288,1,2
gsm8k-test-00022-ef98dac1,0,1,83,32,288,288,22,7
gsm8k-test-00023-fe06ee43,0,0,79,52,288,288,1,2
gsm8k-test-00024-22cafa0b,0,0,95,49,288,288,15,1000000000000000
gsm8k-test-00025-776216f9,0,0,4,32,261,288,17,1000000000000000000000000000000
gsm8k-test-00026-43b2c247,0,0,51,88,288,288,69.50,17
gsm8k-test-00027-4b21e8a3,0,0,82,112,288,288,1000,1
gsm8k-test-00028-d2444076,0,0,91,94,288,288,2,60
gsm8k-test-00029-b41cc7b7,0,0,125,124,288,288,12,106
gsm8k-test-00030-d48d6485,0,0,78,37,288,288,110,162
gsm8k-test-00031-2e203ecf,0,0,112,51,288,288,10,14
gsm8k-test-00032-af4f388d,0,0,84,32,288,288,10,1000000000000000000000000000000
gsm8k-test-00033-885eb87f,0,0,82,60,288,288,110,1
gsm8k-test-00034-b4f3ad0e,0,0,32,32,288,288,1000000000000000000000000000000,1000000000000000000000000000000
gsm8k-test-00035-a27c0049,0,0,90,84,288,288,100,100
gsm8k-test-00036-e861738e,0,0,88,54,288,288,1000,8400
gsm8k-test-00037-bfa26e43,1,0,93,14,288,263,2,13
gsm8k-test-00038-917565ed,0,1,69,53,288,288,60,10
gsm8k-test-00039-abc4bc90,0,0,62,4,288,261,150,10
gsm8k-test-00040-80049d4d,0,0,110,110,288,288,2,2
gsm8k-test-00041-30384332,0,0,10,11,263,264,300,1000
gsm8k-test-00042-7207f9cd,0,0,73,4,288,261,1000,14
gsm8k-test-00043-179c56c9,0,0,15,5,264,262,2250,250
gsm8k-test-00044-0c68e679,0,0,110,63,288,288,10,10.00
gsm8k-test-00045-9d0c43c1,0,0,106,32,288,288,15,18
gsm8k-test-00046-4f85613f,0,0,39,8,288,265,23,16000
gsm8k-test-00047-d0bb3656,0,0,87,5,288,262,2,200
gsm8k-test-00048-a80947ed,0,0,32,100,288,288,1000000000000000000000000000000,6
gsm8k-test-00049-41554f28,0,0,74,70,288,288,1,100
gsm8k-test-00050-23fdf08c,0,0,81,36,288,288,16,584
gsm8k-test-00051-971dabc5,0,0,87,32,288,288,4,100000000000000
gsm8k-test-00052-ae51d9df,0,0,14,10,265,263,0.025,7.5
gsm8k-test-00053-817cd014,0,0,37,79,288,288,100,14
gsm8k-test-00054-13e140ab,0,0,95,78,288,288,7,4
gsm8k-test-00055-07836807,0,0,80,75,288,288,16,20
gsm8k-test-00056-0dd2f034,0,0,76,107,288,288,12,2
gsm8k-test-00057-08b78a95,0,0,65,4,288,261,10,13
gsm8k-test-00058-92f2d98b,1,0,7,63,264,288,57.00,43.00
gsm8k-test-00059-647821b4,0,0,40,115,288,288,1000000000000000000000,2
gsm8k-test-00060-97d5219c,0,1,33,69,288,288,8,17
gsm8k-test-00061-53d5c3c6,0,0,59,6,288,263,10,2900
gsm8k-test-00062-b8ef5dec,0,0,32,83,288,288,21,10000
gsm8k-test-00063-09a1f6f4,0,0,4,82,261,288,13,2
gsm8k-test-00064-b5dd77cc,0,0,115,61,288,288,11,1
gsm8k-test-00065-78eb7e05,0,0,10,97,262,288,10,10
gsm8k-test-00066-60b3bdde,0,0,42,81,288,288,5,1
gsm8k-test-00067-213b455e,0,0,55,14,288,263,16,175
gsm8k-test-00068-c3a98d97,0,0,68,85,288,288,100,20
gsm8k-test-00069-1b7fa8e5,0,0,49,94,288,288,1000000000000000000,17
gsm8k-test-00070-a1e05c15,0,0,51,4,288,261,1000,17
gsm8k-test-00071-a80a2f35,0,0,76,4,288,261,1.5,18
gsm8k-test-00072-bfd3566a,0,0,81,90,288,288,10,23
gsm8k-test-00073-039b584a,0,0,72,36,288,288,100,3
gsm8k-test-00074-3648f6a3,0,0,78,26,288,267,1,2.74
gsm8k-test-00075-b4e8c56a,0,0,51,55,288,288,7,200
gsm8k-test-00076-d773e795,0,0,90,85,288,288,180,10
gsm8k-test-00077-100d7f43,0,0,78,109,288,288,18,400
gsm8k-test-00078-96b496fa,0,0,56,72,288,288,1000000000000000000,1
gsm8k-test-00079-40c374ea,0,0,91,69,288,288,75,30
gsm8k-test-00080-7d080509,0,0,46,48,288,288,100,6
gsm8k-test-00081-5bcf7f55,0,0,49,79,288,288,1000000000000000,100
gsm8k-test-00082-ad6ac817,0,0,32,38,288,288,1250000000000000000000000000000,127
gsm8k-test-00083-ab4a06b6,0,0,75,39,288,288,100,6
gsm8k-test-00084-44dd3e21,0,0,33,56,288,288,8,8
gsm8k-test-00085-94c5beec,0,0,69,4,288,261,1000,21
gsm8k-test-00086-52e0be8f,0,0,82,3,288,260,10,3
gsm8k-test-00087-00d8d602,0,0,81,109,288,288,1.10,600
gsm8k-test-00088-4240e2d1,0,0,38,84,288,288,8800,7
gsm8k-test-00089-016b7006,0,0,104,51,288,288,3,1000
gsm8k-test-00090-ad1d1965,0,0,9,32,263,288,200,1000000000000000000000000000000
gsm8k-test-00091-b921f344,0,0,103,99,288,288,20,20
gsm8k-test-00092-30e10116,0,0,78,84,288,288,100,2
gsm8k-test-00093-d3628897,0,0,32,14,288,264,38.0000000000000000000000000000,41.8
gsm8k-test-00094-7725c031,0,0,52,38,288,288,1,1
gsm8k-test-00095-91d8efcf,0,0,38,38,288,288,2,2
gsm8k-test-00096-e622abbc,0,0,85,85,288,288,15,16
gsm8k-test-00097-a91423e8,0,0,83,87,288,288,16,1
gsm8k-test-00098-20392eb4,0,0,81,80,288,288,2,2
gsm8k-test-00099-06d0657a,0,0,80,70,288,288,15,25
gsm8k-test-00100-1c606349,0,0,93,81,288,288,100,4
gsm8k-test-00101-5553251d,0,0,32,21,288,267,13.3333333333333333333333333333,14.25
gsm8k-test-00102-fecc3d4d,0,0,40,20,288,263,1000000000000000000000,3
gsm8k-test-00103-7d885e09,0,0,13,98,263,288,100,10
gsm8k-test-00104-5fc2275d,0,0,80,81,288,288,1000,100
gsm8k-test-00105-f21bbb96,0,0,117,85,288,288,5,100
gsm8k-test-00106-f36cf3d6,0,0,89,96,288,288,14,120
gsm8k-test-00107-39a2f8a7,0,0,98,85,288,288,19,1
gsm8k-test-00108-f0c0c69e,0,0,85,94,288,288,100,15
gsm8k-test-00109-5e198a31,0,0,6,6,263,263,2.80,3.00
gsm8k-test-00110-01bfcc0e,0,0,110,85,288,288,1,
gsm8k-test-00111-428761e2,0,0,107,97,288,288,10,10
gsm8k-test-00112-8eab1517,0,0,93,78,288,288,10,2000
gsm8k-test-00113-ff97715a,0,0,92,32,288,288,15,1000000000000000000000000000000
gsm8k-test-00114-c149b54f,0,0,122,97,288,288,50,11
gsm8k-test-00115-f99c92a7,0,0,121,73,288,288,50,13
gsm8k-test-00116-b7a22d59,0,0,60,32,288,288,0.016666666666666667,10
gsm8k-test-00117-8a7ef077,0,0,65,69,288,288,1000,120
gsm8k-test-00118-b9cb8545,0,0,3,3,260,260,5,2
gsm8k-test-00119-7df75d2b,0,0,7,32,264,288,40000,2
gsm8k-test-00120-4a23b3ce,0,0,37,86,288,288,18,15
gsm8k-test-00121-b3961d14,0,0,56,88,288,288,1000000000000000000,13
gsm8k-test-00122-7a79da6f,0,0,94,10,288,262,80,14
gsm8k-test-00123-1cccf292,0,0,71,67,288,288,100,100
gsm8k-test-00124-67aad8ea,1,1,92,40,288,288,10,10
gsm8k-test-00125-6681b8e0,0,0,17,4,271,261,30,12
gsm8k-test-00126-d0798145,0,0,104,130,288,288,14,6
gsm8k-test-00127-31701746,0,0,83,100,288,288,50,50
gsm8k-test-00128-02ab5436,0,0,68,114,288,288,1000,3
gsm8k-test-00129-88351235,0,0,46,48,288,288,15,15320000
gsm8k-test-00130-1c64800f,0,0,32,63,288,288,1000000000000000000000000000000,15
gsm8k-test-00131-a6720346,0,0,32,75,288,288,1000000000000000000000000000000,16
gsm8k-test-00132-66ea530a,0,0,71,38,288,288,10,3
gsm8k-test-00133-97d15f62,1,0,77,100,181,288,13,15
gsm8k-test-00134-cbe97dcd,0,0,57,6,288,156,1000,5210
gsm8k-test-00135-c9fe583e,0,0,33,70,288,288,100000000000000000000000,5
gsm8k-test-00136-da2442d2,0,0,111,84,288,288,27,27
gsm8k-test-00137-8f20370a,0,0,82,77,288,288,2,15
gsm8k-test-00138-b1d6f8ed,0,0,32,32,288,288,17,17
gsm8k-test-00139-dceb7c73,0,0,54,38,288,288,16,1
gsm8k-test-00140-09a8532e,0,0,89,4,288,261,60,12
gsm8k-test-00141-cdf3f31e,0,0,33,82,288,288,2,2
gsm8k-test-00142-e522e401,0,0,80,4,288,261,1,10
gsm8k-test-00143-a608c8d1,0,0,78,82,288,288,2,1
gsm8k-test-00144-8f2ecd57,0,0,4,4,261,261,10,22
gsm8k-test-00145-804b6b67,0,0,32,33,288,288,1000000000000000000000000000000,100000000000000000000000
gsm8k-test-00146-aa8117eb,0,0,101,83,288,288,500,1000
gsm8k-test-00147-72c96b49,0,0,95,80,288,288,1000,13
gsm8k-test-00148-7c1ba632,0,0,4,32,261,288,12,22
gsm8k-test-00149-a6cdbdde,0,0,86,113,288,288,20,13
gsm8k-test-00150-3a8bfcb6,0,0,73,110,288,288,22,18
gsm8k-test-00151-3080714d,0,1,89,117,288,288,1000,5
gsm8k-test-00152-e5f03336,0,0,49,76,288,288,1000000000000000,120
gsm8k-test-00153-26d986ff,0,0,86,4,288,261,17,14
gsm8k-test-00154-4e332330,0,0,9,83,261,288,2,1
gsm8k-test-00155-0920fbd0,0,0,81,66,288,288,10,100
gsm8k-test-00156-3ca0e746,0,0,87,6,288,263,20,4000
gsm8k-test-00157-4b3f3583,0,0,96,80,288,288,10,1
gsm8k-test-00158-dfa1025f,0,0,86,84,288,288,10,14
gsm8k-test-00159-b776409e,0,0,3,21,260,265,4,9
gsm8k-test-00160-8f6e9905,0,0,111,86,288,288,2,17
gsm8k-test-00161-b8c462ea,0,0,110,69,288,284,10,12
gsm8k-test-00162-a62879f4,0,0,108,47,288,288,20,20
gsm8k-test-00163-6b1d4f92,0,0,85,5,288,262,2,100
gsm8k-test-00164-bee14fca,0,0,118,4,288,261,35,12
gsm8k-test-00165-af00da18,0,0,7,7,263,263,2590,1500
gsm8k-test-00166-d351c7c5,0,0,67,39,288,288,1000,7
gsm8k-test-00167-32c3bf9f,0,0,57,93,288,288,2,28
gsm8k-test-00168-fc19f1bb,0,0,106,3,288,260,8,2
gsm8k-test-00169-a9e03f1a,0,0,92,54,288,288,3,1000000
gsm8k-test-00170-88bc8309,0,0,68,84,288,288,20000,100
gsm8k-test-00171-9ba6bc62,0,0,114,105,288,288,8,10
gsm8k-test-00172-a1f065b6,0,0,3,3,260,260,8,8
gsm8k-test-00173-26f01bcc,0,0,8,82,265,288,10000,1
gsm8k-test-00174-b5f82fe7,0,0,12,12,262,262,60,25
gsm8k-test-00175-7588f7e8,0,0,49,110,288,288,1000000000000000000,1
gsm8k-test-00176-e8aa7518,0,0,33,87,288,288,8,2
gsm8k-test-00177-55091194,0,0,6,41,263,288,1800,1
gsm8k-test-00178-e2c3edfe,0,0,54,124,288,288,1,9
gsm8k-test-00179-fb405227,0,0,79,49,288,288,1,100000000000000
gsm8k-test-00180-be2e53f5,0,0,125,76,288,288,4,18
gsm8k-test-00181-16b37304,0,0,99,50,288,288,200,800
gsm8k-test-00182-399133d2,0,0,88,82,288,288,15,30
gsm8k-test-00183-f29cc498,0,0,13,13,263,263,115,120
gsm8k-test-00184-deb7c401,0,0,92,5,288,244,10,3
gsm8k-test-00185-85ff4f96,0,0,82,76,288,288,1000,2
gsm8k-test-00186-585a3e2e,0,0,5,85,262,288,160,1
gsm8k-test-00187-82fc37f3,0,0,90,99,288,288,1.7,2
gsm8k-test-00188-56680f20,0,0,32,5,288,262,16,400
gsm8k-test-00189-e8c1a0f1,0,0,4,40,261,288,13,4
gsm8k-test-00190-fc3ce910,0,0,40,97,288,288,100000000000000000000,2
gsm8k-test-00191-dfe05fec,0,0,95,99,288,288,10,2
gsm8k-test-00192-234cb247,0,0,77,4,288,261,200,10
gsm8k-test-00193-83a1d4f5,0,0,46,4,284,261,180,18
gsm8k-test-00194-236ac935,0,0,49,49,288,288,1000000000000000,1000000000000000
gsm8k-test-00195-f63234ba,0,0,65,82,288,288,3,1
gsm8k-test-00196-a77ce578,0,0,132,4,288,261,2,40
gsm8k-test-00197-47ddcefb,0,0,73,37,288,288,17409,8
gsm8k-test-00198-bd499252,0,0,4,12,261,269,20,30
gsm8k-test-00199-7ca0e77e,0,0,71,39,288,288,100,5000
gsm8k-test-00200-8c508389,0,0,66,75,288,288,1000,1000
gsm8k-test-00201-6425d554,0,0,77,56,288,288,10,2
gsm8k-test-00202-5c490a76,0,0,4,94,261,288,50,1000
gsm8k-test-00203-d73099f3,0,0,88,4,288,261,15,15
gsm8k-test-00204-ca83378f,0,0,94,82,288,288,10,32
gsm8k-test-00205-844d7a17,0,0,49,32,288,288,1000000000000000,92
gsm8k-test-00206-533a1de2,0,0,40,32,288,288,100000000000000000000,16
gsm8k-test-00207-2c1d56da,0,0,105,32,288,288,80,1000000000000000000000000000000
gsm8k-test-00208-1aba011a,0,0,67,113,288,288,4,5
gsm8k-test-00209-5d6ed708,0,0,91,92,288,288,6000,12
gsm8k-test-00210-0f4d92e8,0,0,119,98,288,288,30,16
gsm8k-test-00211-a5760663,0,0,111,88,288,288,5,1
gsm8k-test-00212-5e156993,0,0,73,97,288,288,9,9
gsm8k-test-00213-68c5c899,0,0,118,81,288,288,100,1050
gsm8k-test-00214-13ddeb54,0,0,90,74,288,288,100,20
gsm8k-test-00215-a0e2ddc5,0,0,82,83,288,288,10,12
gsm8k-test-00216-2572d479,0,0,68,68,288,288,1,13
gsm8k-test-00217-1cadaca3,0,0,60,40,288,288,1,1000000000000000000000
gsm8k-test-00218-294f2782,0,0,118,109,288,288,13,21
gsm8k-test-00219-7aca3c05,0,0,32,90,288,288,1000000000000000000000000000000,10
gsm8k-test-00220-ca8264c5,0,0,12,26,262,268,25,10
gsm8k-test-00221-e1285b19,1,1,97,101,288,288,90,90
gsm8k-test-00222-38359054,0,0,33,39,288,288,100000000000000000000000,4
gsm8k-test-00223-25b2ef0c,0,0,56,100,288,288,15,15000
gsm8k-test-00224-1ad54880,0,0,62,106,288,288,100000000000000,3
gsm8k-test-00225-696619ca,0,0,99,32,288,288,10,100000000000000000000000000000
gsm8k-test-00226-d58e5838,0,0,96,65,288,288,10,30
gsm8k-test-00227-59892b16,0,0,7,6,264,263,13.50,1.50
gsm8k-test-00228-b26cfbf5,0,0,79,10,288,262,10,11
gsm8k-test-00229-08067583,0,0,72,38,288,288,100,1
gsm8k-test-00230-74b1d6c6,0,0,8,9,265,266,20000,120000
gsm8k-test-00231-56e4a8f3,0,0,104,39,288,288,3,7
gsm8k-test-00232-1420b7a3,0,0,63,171,288,288,1000,1
gsm8k-test-00233-3024e362,0,0,72,13,288,262,100,10
gsm8k-test-00234-393b9928,0,0,9,20,261,161,4,7
gsm8k-test-00235-7716dfeb,0,0,75,55,288,288,100,10000000000000000
gsm8k-test-00236-029ef1d7,0,0,40,100,288,288,100000000000000000000,18
gsm8k-test-00237-766b9e06,0,0,5,76,262,288,160,16
gsm8k-test-00238-664927c9,0,0,96,99,288,288,14,2
gsm8k-test-00239-819a8794,0,0,86,119,288,288,30,30
gsm8k-test-00240-344f259f,0,0,32,37,288,288,1000000000000000000000000000000,2
gsm8k-test-00241-8e2693d6,0,0,97,107,288,288,10,1
gsm8k-test-00242-38fe85a0,0,0,76,90,288,288,1000,100
gsm8k-test-00243-30861a3b,0,0,56,40,288,288,100000000000000000,100000000000000000
gsm8k-test-00244-8a18ea1f,0,0,95,66,288,288,100,27
gsm8k-test-00245-a02a9dd4,0,0,3,23,260,266,4,1
gsm8k-test-00246-10b3cef0,0,0,6,4,263,261,1000,10
gsm8k-test-00247-58ec0a59,0,0,40,124,288,288,15,12
gsm8k-test-00248-b4110915,0,0,92,88,288,288,1.50,80
gsm8k-test-00249-48dde2dd,0,0,72,32,288,288,10,4
gsm8k-test-00250-545e9626,0,0,4,32,261,288,15,15
gsm8k-test-00251-58585cba,0,0,53,78,288,288,10000000000000,5
gsm8k-test-00252-376e7200,0,0,32,97,288,288,10,20
gsm8k-test-00253-c754baca,0,1,82,102,288,288,10,18
gsm8k-test-00254-a0a9019b,0,0,90,125,288,288,10,30
gsm8k-test-00255-019f631a,0,0,93,32,288,288,40,30
gsm8k-test-00256-135430c8,0,0,44,32,288,288,1500,1000000000000000000000000000000
gsm8k-test-00257-f1dee5a7,0,0,32,88,288,288,1000000000000000000000000000000,30
gsm8k-test-00258-4e414936,0,0,92,104,288,288,80,8
gsm8k-test-00259-1996a72d,0,0,72,32,288,288,10,10
gsm8k-test-00260-2e9bb88c,0,0,91,75,288,288,100,3
gsm8k-test-00261-e147817f,0,0,35,37,288,288,3,9300
gsm8k-test-00262-7065494b,0,0,32,58,288,288,1000000000000000000000000000000,2
gsm8k-test-00263-4c305368,0,0,21,69,265,288,1,2
gsm8k-test-00264-8ee7c870,0,0,60,62,288,288,17,100
gsm8k-test-00265-c966edda,0,0,9,59,266,288,000,11
gsm8k-test-00266-59c1f5c9,0,0,4,61,261,288,14,20
gsm8k-test-00267-0133408a,0,0,11,11,261,261,5,5
gsm8k-test-00268-60095127,0,0,103,74,288,288,75,18
gsm8k-test-00269-df394468,0,0,79,64,288,288,20,16
gsm8k-test-00270-d2b09f67,0,0,63,40,288,288,300,12
gsm8k-test-00271-2baf04e3,0,0,21,71,265,288,4,1
gsm8k-test-00272-cbc64e44,0,0,89,88,288,288,100,2
gsm8k-test-00273-c8d0ff7f,0,0,83,81,288,288,10,1000
gsm8k-test-00274-2ecb025c,0,0,74,33,288,288,1000,8
gsm8k-test-00275-a9798075,0,0,4,40,261,288,40,20
gsm8k-test-00276-10832215,0,0,102,82,288,288,52,5
gsm8k-test-00277-1e0e64c0,0,0,72,85,288,288,1,17
gsm8k-test-00278-081f7a29,0,0,57,86,288,288,5,2
gsm8k-test-00279-213f4990,0,0,79,78,288,288,3,24
gsm8k-test-00280-4f749fa9,0,0,85,80,288,288,4,1
gsm8k-test-00281-f0f8e9d4,0,0,5,69,110,288,130,120
gsm8k-test-00282-90afcc9e,0,0,67,97,288,288,200,3
gsm8k-test-00283-400a07fc,0,0,86,88,288,288,30,1
gsm8k-test-00284-1d32c918,0,0,5,5,262,262,120,300
gsm8k-test-00285-46ce7073,0,0,106,91,288,288,1000,63
gsm8k-test-00286-de3c8255,0,0,54,38,288,288,100000000000000000,10000000000000000000000
gsm8k-test-00287-3feaff94,0,0,32,78,288,288,21,3
gsm8k-test-00288-18becb25,0,0,112,82,288,288,75,1
gsm8k-test-00289-3fda51ab,0,0,101,103,288,288,60,10
gsm8k-test-00290-f2e19746,0,0,37,124,288,288,16,10
gsm8k-test-00291-6455dc9a,0,0,4,32,261,288,18,8
gsm8k-test-00292-419f9f70,0,0,87,90,288,288,10,100
gsm8k-test-00293-a6d3a04e,0,0,90,4,288,261,20,16
gsm8k-test-00294-f8f4a5b2,0,0,93,81,288,288,30,1
gsm8k-test-00295-003c5304,0,0,84,96,288,288,10,2
gsm8k-test-00296-33128756,0,0,78,41,288,288,10,420000000000000000000000
gsm8k-test-00297-f96abc95,0,0,78,39,288,288,1000,6
gsm8k-test-00298-67ab79f9,0,0,60,71,288,288,1000,1000000000000
gsm8k-test-00299-76764db7,0,0,102,78,288,288,10,100
gsm8k-test-00300-5f3fce9a,0,0,90,82,288,288,2,4
gsm8k-test-00301-edbdd8ce,0,0,129,70,288,288,32,32
gsm8k-test-00302-df302425,0,0,74,4,288,144,100,10
gsm8k-test-00303-786a70bb,0,0,74,8,288,265,1,250000
gsm8k-test-00304-68e00b76,0,0,104,78,288,288,10,10
gsm8k-test-00305-7f7b2720,0,0,38,123,288,288,8,80
gsm8k-test-00306-699de56a,0,0,109,117,288,288,60,60
gsm8k-test-00307-336b088d,0,0,111,63,288,288,4,10
gsm8k-test-00308-d359a2ad,0,0,74,4,288,261,10,15
gsm8k-test-00309-c4f6c8fb,0,0,71,5,288,262,1,225
gsm8k-test-00310-4e0a97e7,0,0,69,4,288,261,4,15
gsm8k-test-00311-a18a4905,0,0,94,98,288,288,2,2
gsm8k-test-00312-c8ba5472,0,0,54,115,288,288,1000000000000000000,3
gsm8k-test-00313-fc44241c,0,0,6,86,263,288,3000,14
gsm8k-test-00314-ef9f2747,0,0,105,86,288,288,105,85
gsm8k-test-00315-bbfd677d,0,0,75,33,288,288,8,8
gsm8k-test-00316-bc1dbe13,0,0,96,39,288,288,5,20
gsm8k-test-00317-c6c20bbd,0,0,80,100,288,288,10,9
gsm8k-test-00318-07e68ddc,0,0,4,36,261,288,60,1
gsm8k-test-00319-3b4f71a7,0,0,81,91,288,288,120,12
gsm8k-test-00320-b1e510af,0,0,65,71,288,288,3,18
gsm8k-test-00321-532e7358,0,0,84,52,288,288,4,48
gsm8k-test-00322-d74c52a8,0,0,4,78,261,288,17,20
gsm8k-test-00323-015e90d2,0,0,60,81,288,288,20.0,10.0
gsm8k-test-00324-8e7f2ec3,0,0,40,91,288,288,100000000000000000000,100
gsm8k-test-00325-7566fab6,0,0,32,60,288,288,1200000000000000000000000000000,4000000
gsm8k-test-00326-2c58e20b,0,0,79,85,288,288,20,5
gsm8k-test-00327-91706fc7,0,0,99,86,288,288,10,24
gsm8k-test-00328-339cbe8f,0,0,85,70,288,288,120,60
gsm8k-test-00329-ef88a9e1,0,0,56,93,288,288,1111111111111111,1
gsm8k-test-00330-c801a0da,0,0,5,109,262,288,123,1
gsm8k-test-00331-d8d8a9ef,0,0,63,98,288,288,15000,16
gsm8k-test-00332-72ea6bb3,0,0,5,95,262,288,110,40
gsm8k-test-00333-d8ce2b79,0,0,92,7,288,264,100000,2450
gsm8k-test-00334-38f9608d,0,0,53,32,288,288,1000000000000000000,1
gsm8k-test-00335-622e753d,0,0,59,73,288,288,10,100
gsm8k-test-00336-dcb2cf7d,0,0,94,83,288,288,100,10
gsm8k-test-00337-be3835b7,0,0,40,33,288,288,2,8
gsm8k-test-00338-068ad465,0,0,88,88,288,288,2,2
gsm8k-test-00339-a3be434b,0,0,5,96,145,288,600,20
gsm8k-test-00340-c275e3cc,0,0,103,32,288,288,1,12
gsm8k-test-00341-29793875,0,0,11,4,205,261,50,16
gsm8k-test-00342-88e42212,0,0,4,4,261,182,94,39
gsm8k-test-00343-a3594910,0,0,84,36,288,269,30,5
gsm8k-test-00344-68de5ac4,0,0,112,33,288,288,1,10000000000000000
gsm8k-test-00345-d3d2d76a,0,0,77,93,288,288,2,2
gsm8k-test-00346-a17a2c99,0,0,110,3,288,260,1,1
gsm8k-test-00347-5cebe704,0,0,64,71,288,288,100,1.50
gsm8k-test-00348-bea5faee,1,0,117,78,288,288,10,1
gsm8k-test-00349-5d38ace0,0,0,71,95,288,288,150,16
gsm8k-test-00350-693fc3e1,0,0,89,72,288,288,10,1
gsm8k-test-00351-afe82206,0,0,4,49,261,288,17,100000000000000000
gsm8k-test-00352-088d10c0,0,0,91,72,288,288,10,26
gsm8k-test-00353-10b25717,0,0,56,62,288,288,6,1
gsm8k-test-00354-8205fb31,0,0,71,32,288,288,80,1000000000000000000000000000000
gsm8k-test-00355-63232b7f,0,0,85,113,288,288,20,10
gsm8k-test-00356-f97777ac,0,0,4,18,261,272,28,32
gsm8k-test-00357-dc1b264f,0,0,105,3,288,260,10,5
gsm8k-test-00358-6aaa36a1,0,0,40,49,288,288,10000000000000000000,1000000000000000
gsm8k-test-00359-4b7297b4,0,0,92,49,288,288,16,1000000000000000
gsm8k-test-00360-422aec93,0,0,82,44,288,271,45,2
gsm8k-test-00361-de5d935c,0,0,10,48,247,288,360,1800
gsm8k-test-00362-3e64aca4,0,0,86,80,288,288,100,100
gsm8k-test-00363-fe7b9c1b,0,0,87,83,288,288,4,200
gsm8k-test-00364-bc996f49,0,0,4,40,261,288,43,43
gsm8k-test-00365-0daf43cf,0,0,96,37,288,288,2,8
gsm8k-test-00366-b85ad629,0,0,75,63,288,288,10,100
gsm8k-test-00367-317f53c0,0,0,36,121,288,288,4,3
gsm8k-test-00368-5efe7b03,0,0,68,32,288,288,100,1000000000000000000000000000000
gsm8k-test-00369-ab96521f,0,0,6,48,263,288,1200,10
gsm8k-test-00370-6563cded,0,0,101,62,288,288,20,2
gsm8k-test-00371-dc921eb9,0,0,100,90,288,288,14,15
gsm8k-test-00372-7810cb6f,0,0,42,97,272,288,10,1
gsm8k-test-00373-78986ed1,0,0,8,78,265,288,400000,400
gsm8k-test-00374-ea246ed4,0,0,85,79,288,288,20,1
gsm8k-test-00375-afda6a08,0,0,88,110,288,288,18,8
gsm8k-test-00376-bece7c4c,0,0,33,93,288,288,8,4
gsm8k-test-00377-22b59e85,0,0,72,69,288,288,1,10
gsm8k-test-00378-b30784db,0,0,75,50,288,288,100,6
gsm8k-test-00379-75cbd45b,0,0,54,60,288,288,10,1
gsm8k-test-00380-c46455f6,0,0,73,80,288,288,14,17
gsm8k-test-00381-915ed5fe,0,0,97,66,288,288,4,8
gsm8k-test-00382-9889f9e8,0,0,5,84,262,288,100,8
gsm8k-test-00383-93da1c54,0,0,4,81,261,288,18,0
gsm8k-test-00384-74d27fae,0,0,37,20,288,277,18,0.6666666666666667
gsm8k-test-00385-2b2d708c,0,0,4,38,261,288,52,10
gsm8k-test-00386-bea7c0fc,0,0,88,91,288,288,90,2
gsm8k-test-00387-8a439a3a,0,0,49,32,288,288,1000000000000000,6
gsm8k-test-00388-be61bdc3,0,0,94,87,288,288,15,16
gsm8k-test-00389-27deb21e,0,0,94,4,288,140,10,10
gsm8k-test-00390-710adcab,0,0,55,39,288,288,10000000000000000,1000000000000000000
gsm8k-test-00391-c54bbb7f,0,0,102,88,288,288,6,14
gsm8k-test-00392-c1f3e804,0,0,4,4,261,261,60,10
gsm8k-test-00393-821ba4d3,0,0,76,50,288,288,1,5
gsm8k-test-00394-d08bed33,0,0,93,92,288,288,6,3
gsm8k-test-00395-c459a67c,0,0,60,4,288,181,132,20
gsm8k-test-00396-5012767a,0,0,74,40,288,288,4,1
gsm8k-test-00397-3d994447,0,0,70,9,288,262,200,10
gsm8k-test-00398-661e0315,0,0,32,46,288,276,0.33333333333333333333333333333,2
gsm8k-test-00399-bfa0079a,0,0,107,130,288,288,5,30
gsm8k-test-00400-866167cc,0,0,75,61,288,288,16,10
gsm8k-test-00401-74ce8d7c,0,0,70,60,288,288,100,600
gsm8k-test-00402-5a23c894,0,0,82,91,288,288,1000,3
gsm8k-test-00403-b201eb64,0,0,77,69,288,288,10,10
gsm8k-test-00404-cb156ee5,0,0,106,65,288,288,100,10000000
gsm8k-test-00405-b6ce335d,0,0,4,6,261,263,20,10.00
gsm8k-test-00406-a91cd4bd,0,0,32,71,288,288,1000000000000000000000000000000,100
gsm8k-test-00407-1cb038ac,0,0,77,73,288,288,1,1000
gsm8k-test-00408-e4de7967,0,0,79,81,288,288,12,16
gsm8k-test-00409-4dda1bd5,0,0,115,134,288,288,2,10
gsm8k-test-00410-3af5503a,0,0,106,84,288,288,10,1.50
gsm8k-test-00411-853e23e6,0,0,5,61,262,288,600,100
gsm8k-test-00412-31020987,0,0,4,4,261,261,30,12
gsm8k-test-00413-2bbdc98e,0,0,100,95,288,288,5,16
gsm8k-test-00414-60082e62,0,0,83,63,288,288,1,400
gsm8k-test-00415-165cf68a,0,0,4,4,261,261,17,17
gsm8k-test-00416-c03ea86a,0,0,87,92,288,288,304,304
gsm8k-test-00417-4d9219dc,0,0,100,89,288,288,15,10
gsm8k-test-00418-053f45e7,0,0,111,59,288,288,1,8
gsm8k-test-00419-68af7e6e,0,0,13,12,266,265,10000,7000
gsm8k-test-00420-d5757123,0,0,6,104,263,288,7000,1000
gsm8k-test-00421-a00e3bac,0,0,33,61,288,288,8,3
gsm8k-test-00422-f2e3baa0,0,0,90,36,288,288,1000,16960
gsm8k-test-00423-95e5f2d5,0,0,121,32,288,288,11,1000000000000000000000000000000
gsm8k-test-00424-1b2d26d3,0,0,33,39,288,288,8,6
gsm8k-test-00425-245cec2c,0,0,39,3,288,260,10,6
gsm8k-test-00426-702a27cc,0,0,120,120,288,288,18,25
gsm8k-test-00427-05b5db5d,0,0,78,106,288,288,100,1
gsm8k-test-00428-798a7452,0,0,107,104,288,288,36,36
gsm8k-test-00429-e0191327,0,0,32,49,288,288,16,1000000000000000
gsm8k-test-00430-ef01fcbd,0,0,65,72,288,288,1.00,120.00
gsm8k-test-00431-74b29737,0,0,49,4,288,261,1000000000000000,15
gsm8k-test-00432-bc652da6,0,0,5,32,262,288,100,1000000000000000000000000000000
gsm8k-test-00433-acd9ee67,0,0,99,100,288,288,4,100
gsm8k-test-00434-e07778dc,0,0,40,71,288,288,100000000000000000000,100
gsm8k-test-00435-6859eab0,0,1,49,89,288,288,1000000000000000,5
gsm8k-test-00436-68ff1320,0,0,102,4,288,261,8,17
gsm8k-test-00437-b6a6a65b,0,0,33,78,288,288,8,34
gsm8k-test-00438-0246c431,0,0,12,32,264,288,2000,2000000000000000000000000000000
gsm8k-test-00439-c073d855,0,0,97,11,288,267,30,50
gsm8k-test-00440-07cde4e4,0,0,100,90,288,288,18,15
gsm8k-test-00441-203fd680,0,0,95,58,288,288,14,1
gsm8k-test-00442-284e6de3,0,0,83,12,288,262,100,10
gsm8k-test-00443-e42a7145,0,0,84,90,288,288,40,60
gsm8k-test-00444-a0845539,0,0,90,73,288,288,100,4
gsm8k-test-00445-793a34c0,0,0,66,66,288,288,15,1
gsm8k-test-00446-d2e5742a,0,0,4,60,261,288,16,1000000000000
gsm8k-test-00447-edb62873,0,0,4,38,261,288,21,26
gsm8k-test-00448-6da74dfb,0,0,79,4,288,261,16,25
gsm8k-test-00449-c834ee42,0,0,49,84,288,288,1000000000000000,14
gsm8k-test-00450-6d51975d,0,0,4,6,261,263,20,1.50
gsm8k-test-00451-4e641984,0,0,64,82,288,288,2,1
gsm8k-test-00452-5102790b,0,0,83,73,288,288,30,30
gsm8k-test-00453-15d709c6,0,1,100,73,288,288,3,6400
gsm8k-test-00454-ff998bb1,0,0,32,88,288,288,1000000000000000000000000000000,4
gsm8k-test-00455-d4f5fb89,0,0,82,4,288,261,1000,17
gsm8k-test-00456-7f7a6449,0,0,38,38,288,288,60,4
gsm8k-test-00457-7a9da644,0,0,117,39,288,288,15,6
gsm8k-test-00458-1978c44a,0,0,96,68,288,288,5,8
gsm8k-test-00459-532304f7,0,0,13,4,264,261,2250,15
gsm8k-test-00460-03ea74db,0,0,66,3,278,260,15,7
gsm8k-test-00461-f5b3e88f,0,0,86,32,288,288,156,30
gsm8k-test-00462-653dfada,0,0,73,62,288,288,50,2
gsm8k-test-00463-5ee6b042,0,0,91,81,288,288,2,17
gsm8k-test-00464-6c0b4312,0,0,56,3,288,259,2,
gsm8k-test-00465-f97b15cf,0,0,4,71,261,288,16,3
gsm8k-test-00466-a864c1e8,0,0,92,68,288,288,30,100000000000
gsm8k-test-00467-8e266e3b,0,0,92,74,288,288,30,13
gsm8k-test-00468-1822f445,0,0,71,58,288,288,2,400
gsm8k-test-00469-912e4d5a,0,0,90,99,288,288,10,23
gsm8k-test-00470-7890f5df,0,0,49,4,288,261,1000000000000000,10
gsm8k-test-00471-0264a7fa,0,0,104,70,288,288,10,100
gsm8k-test-00472-5d7c49cf,0,0,111,88,288,288,10,2
gsm8k-test-00473-d240279b,0,0,97,86,288,288,2,2
gsm8k-test-00474-1fef7632,0,0,4,39,261,288,19,20
gsm8k-test-00475-396da307,0,0,78,58,288,288,100,100
gsm8k-test-00476-3f3a4cd9,0,0,98,79,288,288,10,1.50
gsm8k-test-00477-7498eae6,0,0,106,4,288,261,10,17
gsm8k-test-00478-a0cfad63,0,0,128,127,288,288,3,1
gsm8k-test-00479-051ae2b5,0,0,76,57,288,288,100,7200
gsm8k-test-00480-806079fe,0,0,49,3,288,260,10000000000000000000,4
gsm8k-test-00481-d4a294cf,0,0,11,63,262,288,19,1959
gsm8k-test-00482-527e5576,0,0,49,112,288,288,100000000000000000,9
gsm8k-test-00483-c11d2b6f,0,0,85,94,288,288,10,19
gsm8k-test-00484-0f822fbb,0,0,85,92,288,288,1000,1000
gsm8k-test-00485-b5d7fb1e,0,0,40,59,288,288,3,100
gsm8k-test-00486-0a90137d,0,0,33,16,288,264,0.333333333333333333333,12
gsm8k-test-00487-bbca4aa5,0,0,92,87,288,288,10,50
gsm8k-test-00488-623b351f,0,0,88,4,288,261,1,27
gsm8k-test-00489-19d404c1,0,0,65,23,288,263,21,10
gsm8k-test-00490-d6eca75c,0,0,88,73,288,288,12,100
gsm8k-test-00491-0e6917da,0,0,53,8,288,261,120000000000000000,8
gsm8k-test-00492-e30f3eb5,0,0,105,114,288,288,10,3
gsm8k-test-00493-86b33dcd,0,0,6,13,263,265,4.00,15.00
gsm8k-test-00494-17771b9d,0,0,5,5,198,262,182,480
gsm8k-test-00495-d18ea932,0,0,76,106,288,288,10,5
gsm8k-test-00496-7d333637,0,0,79,72,288,288,1000000000000,14
gsm8k-test-00497-02110f4c,0,0,92,82,288,288,13,2
gsm8k-test-00498-d4638532,0,0,88,58,288,288,15,1
gsm8k-test-00499-89243ac0,0,0,74,5,288,262,250,250
gsm8k-test-00500-32baaad4,0,0,52,93,288,288,10000,7
gsm8k-test-00501-73dc5c4f,0,0,64,79,288,288,364,4
gsm8k-test-00502-6b3e7528,0,0,4,4,261,261,18,15
gsm8k-test-00503-1dc415ac,0,0,8,60,261,288,3,2
gsm8k-test-00504-a9c7ad32,0,0,94,4,288,261,1,12
gsm8k-test-00505-f43995a2,0,0,71,36,288,288,8,2
gsm8k-test-00506-d09cd7ce,0,0,35,22,288,264,12.00,4
gsm8k-test-00507-1084abb1,0,0,83,7,288,264,100,11.40
gsm8k-test-00508-f15dab52,0,0,82,84,288,288,30,30
gsm8k-test-00509-785b78e7,0,0,49,77,288,288,1000000000000000,20
gsm8k-test-00510-f16f3c13,0,0,23,52,266,288,3500,3
gsm8k-test-00511-0e762e85,0,0,4,38,261,288,10,9
gsm8k-test-00512-ff0113d3,0,0,68,40,288,288,100.0,100
gsm8k-test-00513-e97f4c0f,0,0,55,87,288,288,100,10
gsm8k-test-00514-b03a404f,0,0,70,70,288,288,120000,120000
gsm8k-test-00515-2b308251,0,0,105,108,288,288,4,4
gsm8k-test-00516-f4b7d94c,0,0,99,66,288,288,1,5
gsm8k-test-00517-497682f2,0,0,100,63,288,288,4,4
gsm8k-test-00518-85653199,0,0,76,41,288,288,20,50
gsm8k-test-00519-790552b4,0,0,38,58,288,288,10000000,1
gsm8k-test-00520-811e4270,0,0,89,58,288,288,2,1
gsm8k-test-00521-cfbcb8a8,0,0,71,84,288,288,100,2
gsm8k-test-00522-e0a832a6,0,0,88,61,288,288,1000,1
gsm8k-test-00523-a6e52b33,0,0,91,39,288,288,20,8
gsm8k-test-00524-0396c6f7,0,0,40,49,288,288,100000000000000000,1000000000000000
gsm8k-test-00525-74896e84,0,0,4,57,261,274,13,4
gsm8k-test-00526-5935bc92,0,0,4,57,261,288,11,12
gsm8k-test-00527-dcfbcec7,0,0,107,32,288,288,5,10
gsm8k-test-00528-03f76a64,0,0,103,93,288,288,2,100
gsm8k-test-00529-c1f31e1a,0,0,82,52,288,288,48,48
gsm8k-test-00530-f1508e1a,0,0,109,74,288,288,8,100
gsm8k-test-00531-e670ad84,0,0,33,82,288,288,8,2
gsm8k-test-00532-ab15ac42,0,0,87,97,288,288,20,5
gsm8k-test-00533-63acc702,0,0,94,80,288,288,10,15
gsm8k-test-00534-33e8afa1,0,0,112,115,288,288,4,4
gsm8k-test-00535-ed74c4c4,0,0,92,32,288,288,18,1000000000000000000000000000000
gsm8k-test-00536-25fd58ba,0,0,64,67,230,288,4,10
gsm8k-test-00537-a9af7c44,0,0,77,105,288,288,2,10
gsm8k-test-00538-3c4fc914,0,0,73,85,288,288,72,72
gsm8k-test-00539-cc439002,0,0,70,5,288,261,1990,20
gsm8k-test-00540-c4325a52,0,0,93,42,288,288,15,1
gsm8k-test-00541-bd0547cc,0,0,81,77,288,288,1125,1125
gsm8k-test-00542-1b0dde3f,0,0,70,4,288,261,20,20
gsm8k-test-00543-dd298e40,0,0,99,70,288,288,1,100
gsm8k-test-00544-a6e8613e,0,0,107,107,288,288,4,4
gsm8k-test-00545-127f18ac,0,0,32,73,288,288,5,3
gsm8k-test-00546-8619c488,0,0,42,127,288,288,1,2
gsm8k-test-00547-eee04241,0,0,89,99,288,288,3,19
gsm8k-test-00548-1b207b3c,1,0,77,84,288,288,100,10
gsm8k-test-00549-5a6c9639,0,0,103,112,288,288,10,100
gsm8k-test-00550-f5cc8b9f,0,0,4,32,261,288,13,000.000
gsm8k-test-00551-95bd09e9,0,0,95,56,288,288,16,10.50
gsm8k-test-00552-141e8e11,0,0,101,77,288,288,1300,1000
gsm8k-test-00553-934bca54,0,0,4,59,261,288,20,25.0
gsm8k-test-00554-786393aa,0,0,56,71,288,288,100000000000000,100
gsm8k-test-00555-dc337d52,0,0,4,96,261,288,10,4
gsm8k-test-00556-636a57be,0,0,87,5,288,262,60,100
gsm8k-test-00557-3108ee44,0,0,32,4,288,261,1000000000000000000000000000000,21
gsm8k-test-00558-36f5568a,0,0,90,52,288,288,6,48
gsm8k-test-00559-4a3ad264,0,0,4,42,261,288,14,2
gsm8k-test-00560-500ad1d2,0,0,74,92,288,288,1000,93
gsm8k-test-00561-c690b4bd,0,0,12,99,263,288,170,1000
gsm8k-test-00562-3b97984f,0,0,96,106,288,288,30,5
gsm8k-test-00563-0dd0b319,0,1,69,102,288,288,2,12
gsm8k-test-00564-9bf2814c,0,0,79,83,288,288,100000,100
gsm8k-test-00565-8a80dd19,0,0,112,6,288,263,12,12
gsm8k-test-00566-04652af2,0,0,4,4,261,261,18,44
gsm8k-test-00567-c13af096,0,0,7,6,264,263,15.00,5.00
gsm8k-test-00568-7defe8ce,0,0,83,71,288,288,45,100
gsm8k-test-00569-c131504c,0,0,109,131,288,288,10,63
gsm8k-test-00570-c0cd2a69,0,0,124,84,288,288,13,16
gsm8k-test-00571-53c944ed,0,0,68,5,288,262,150,300
gsm8k-test-00572-08583e67,1,0,90,74,288,288,100,1000
gsm8k-test-00573-d8fbc5f6,0,0,64,82,288,288,100,10
gsm8k-test-00574-f60080fb,0,0,4,7,261,264,10,10.00
gsm8k-test-00575-467bbb26,0,0,83,5,288,262,90,184
gsm8k-test-00576-aacf309b,0,0,30,34,284,282,600,1996
gsm8k-test-00577-a12533ab,0,0,90,121,288,288,10,100
gsm8k-test-00578-d09c58e9,0,0,39,39,288,288,20,1
gsm8k-test-00579-e082ad4a,0,0,49,62,288,288,10000000000000000000,5
gsm8k-test-00580-4567a411,0,0,13,36,263,288,520,52
gsm8k-test-00581-bd78679a,0,0,94,92,288,288,6,100
gsm8k-test-00582-b658cc3b,0,0,94,69,288,288,30,30
gsm8k-test-00583-a5110dec,0,0,111,80,288,288,13,17
gsm8k-test-00584-9f45de87,0,0,54,32,288,288,100.00,1000000000000000000000000000000
gsm8k-test-00585-e8412101,0,0,40,111,276,288,24,1
gsm8k-test-00586-df342f89,0,0,32,55,288,288,1000000000000000000000000000000,0.1
gsm8k-test-00587-4c9439fa,0,0,101,121,288,288,0,1
gsm8k-test-00588-4ec5e5a3,0,0,86,32,288,288,5,18
gsm8k-test-00589-15e94c36,0,0,13,86,264,288,0.25,1
gsm8k-test-00590-d28d879c,0,0,132,137,288,288,100,92
gsm8k-test-00591-27ba5635,0,0,105,77,288,288,10,1680
gsm8k-test-00592-0ddccee1,0,0,4,4,261,261,16,16
gsm8k-test-00593-ed9aa2c6,0,0,81,86,288,288,1000,20
gsm8k-test-00594-d56a6b86,0,0,106,80,288,288,3,1000
gsm8k-test-00595-c46a582f,0,0,54,96,288,288,100000000000000000,10
gsm8k-test-00596-84015aa6,0,0,32,85,288,288,1000000000000000000000000000000,17
gsm8k-test-00597-2bd885f2,0,1,109,12,288,87,120,90
gsm8k-test-00598-7ad70902,0,0,61,33,288,288,100,10000000000000000000000
gsm8k-test-00599-325b453f,0,0,64,74,288,288,2,10
gsm8k-test-00600-1cf5d810,0,0,12,12,263,263,7.7,3.5
gsm8k-test-00601-ae7b7822,0,0,4,4,261,261,84,15
gsm8k-test-00602-849c7cd3,0,0,33,70,288,288,6666666666666666666666666,6
gsm8k-test-00603-353010b2,0,0,116,5,288,262,120,4
gsm8k-test-00604-c76345b7,0,0,32,64,272,288,15,8
gsm8k-test-00605-6f9596fc,0,0,116,54,288,288,6,0.60
gsm8k-test-00606-1f35a9a0,0,0,32,92,288,288,10440000000000000000000,18.75
gsm8k-test-00607-9aec1276,0,0,7,46,264,288,6480,2880
gsm8k-test-00608-6315aebb,0,0,74,62,288,288,100,27
gsm8k-test-00609-b58a4f27,0,0,88,4,288,261,4,40
gsm8k-test-00610-55528533,0,0,105,85,288,288,9,100
gsm8k-test-00611-029b1d46,0,0,80,62,288,288,10,20000
gsm8k-test-00612-f1bd272f,0,0,3,92,260,288,6,14
gsm8k-test-00613-c78fa268,0,0,66,62,288,288,1000,14
gsm8k-test-00614-9f26fa92,0,0,81,90,288,288,15,16
gsm8k-test-00615-667b56d0,0,0,37,75,288,288,2.00,5.50
gsm8k-test-00616-14cfa109,0,0,88,91,288,288,20,16
gsm8k-test-00617-58e8f7d8,0,0,85,44,288,288,14,10000000000000000
gsm8k-test-00618-1cd8fbe4,0,0,96,32,288,288,1,24
gsm8k-test-00619-29708691,0,0,4,111,261,288,10,19
gsm8k-test-00620-16c2a6bd,0,0,103,93,288,288,1000,1000
gsm8k-test-00621-6e7dcf24,1,0,53,3,288,260,3000,2
gsm8k-test-00622-30fd5e0a,0,0,4,80,261,288,20,2
gsm8k-test-00623-e7ed8831,0,0,57,57,288,288,10000000000000,10000000000000
gsm8k-test-00624-9733c6c3,0,0,65,39,288,288,4,10
gsm8k-test-00625-10e1f8f1,0,0,105,101,288,288,20,20
gsm8k-test-00626-4efe4e1f,0,0,34,54,288,288,20,1000
gsm8k-test-00627-3f7d3c8f,0,0,4,4,129,261,18,17
gsm8k-test-00628-896c9d2f,0,0,9,75,261,288,2,10
gsm8k-test-00629-3026d59a,0,0,6,43,169,285,8250,83750
gsm8k-test-00630-c41d4fea,1,0,93,98,288,288,10,32
gsm8k-test-00631-15c87494,0,0,67,100,288,288,1000,400
gsm8k-test-00632-12ba9177,0,0,43,95,288,288,1,100
gsm8k-test-00633-df0b27fa,0,0,110,19,288,265,30,15
gsm8k-test-00634-27853d2a,0,0,33,32,288,288,8,1000000000000000000000000000000
gsm8k-test-00635-8029f8a8,0,0,4,8,261,263,10,10
gsm8k-test-00636-11b1eb56,0,0,83,65,288,288,1000,200
gsm8k-test-00637-8411ed1e,0,0,110,82,288,288,3,5
gsm8k-test-00638-fbdcb795,0,0,86,64,288,288,1000,1000
gsm8k-test-00639-d1c4d662,0,0,75,73,288,288,200,200
gsm8k-test-00640-17c76e6e,0,0,36,39,288,288,4250,150
gsm8k-test-00641-599c1187,0,0,39,6,288,136,500,1500
gsm8k-test-00642-820f9fab,0,0,65,39,288,288,10000,5
gsm8k-test-00643-d01547b9,0,0,94,6,288,263,20,10.5
gsm8k-test-00644-4783e307,0,0,104,98,288,288,3,3
gsm8k-test-00645-c40d9b81,0,0,32,93,288,288,1000000000000000000000000000000,2
gsm8k-test-00646-316eac02,0,0,56,87,288,288,10,4.5
gsm8k-test-00647-d8f4ab94,0,0,74,83,288,288,1,1000
gsm8k-test-00648-34143c2c,0,0,106,13,288,262,16,18
gsm8k-test-00649-fb8dad80,0,0,96,6,288,263,1,2000
gsm8k-test-00650-2ef174b9,0,0,4,5,261,262,20,200
gsm8k-test-00651-8a4fdde0,0,0,6,104,263,288,1000,4
gsm8k-test-00652-1589314b,0,0,40,56,288,288,2,25
gsm8k-test-00653-29949a56,0,0,5,5,262,262,420,300
gsm8k-test-00654-c3c3f10d,0,0,79,13,288,262,100,1
gsm8k-test-00655-912aac6e,0,0,86,37,288,288,100,0.00000000000
gsm8k-test-00656-1639fb9f,0,0,65,56,288,288,150,3
gsm8k-test-00657-98f19298,0,0,9,62,266,288,150000,150
gsm8k-test-00658-a288ad39,0,0,63,12,288,262,100,12
gsm8k-test-00659-718af669,0,0,89,53,288,288,15,11
gsm8k-test-00660-17ae9563,0,0,99,99,288,288,14,19
gsm8k-test-00661-71c5a303,0,0,90,50,288,288,60,1000000000000000000
gsm8k-test-00662-dc790f42,0,0,61,4,288,261,10,13
gsm8k-test-00663-399e4153,0,0,40,32,288,288,100000000000000000000,28
gsm8k-test-00664-ade48b3f,0,0,77,38,288,288,1,8
gsm8k-test-00665-0fc725c1,0,0,72,38,277,288,100,1
gsm8k-test-00666-477ccaf5,1,0,5,79,262,288,120,4
gsm8k-test-00667-4260fb67,0,0,80,73,288,288,20,100
gsm8k-test-00668-adc1b009,0,0,4,109,261,288,10,20
gsm8k-test-00669-71b4d5a2,0,0,82,32,288,288,100,1000000000000000000000000000000
gsm8k-test-00670-70c5ff30,0,0,89,98,288,288,14,3
gsm8k-test-00671-26737344,0,0,88,84,288,288,7,18
gsm8k-test-00672-db22fa8e,0,0,80,3,288,260,10,8
gsm8k-test-00673-7d983dd6,0,0,33,64,288,288,8,1
gsm8k-test-00674-060edd89,0,0,87,78,288,288,1000,2
gsm8k-test-00675-b67f9a47,0,0,4,4,261,261,18,18
gsm8k-test-00676-ce589ecf,0,0,111,82,288,288,3,17
gsm8k-test-00677-a8e1614a,0,0,5,5,262,262,100,100
gsm8k-test-00678-d6127e25,0,0,78,37,288,288,16,6
gsm8k-test-00679-20811de8,0,0,35,35,288,288,1,1
gsm8k-test-00680-4461a5da,0,0,81,71,288,288,100,100
gsm8k-test-00681-04c9fdeb,0,0,99,64,288,288,16,1
gsm8k-test-00682-4c528ff4,0,0,7,84,263,288,240,1
gsm8k-test-00683-1f6b2799,0,0,89,75,288,288,1,15
gsm8k-test-00684-d5807538,0,0,115,85,288,288,10,13
gsm8k-test-00685-390c280e,0,0,49,43,288,288,1000000000000000,13
gsm8k-test-00686-b496dd89,0,0,33,45,288,288,8,6
gsm8k-test-00687-8442b01b,0,0,49,31,288,265,1000000000000000000,1
gsm8k-test-00688-6727c54e,0,0,82,39,288,288,1000,6
gsm8k-test-00689-270649c3,0,0,71,81,288,288,10,10
gsm8k-test-00690-946d8b77,0,0,32,57,288,288,1000000000000000000000000000000,20
gsm8k-test-00691-3a31132f,0,0,4,63,261,288,18,14
gsm8k-test-00692-34f6c6b0,0,0,113,124,288,288,7,12
gsm8k-test-00693-b9161db3,0,0,94,67,288,288,6,11
gsm8k-test-00694-26951bd5,0,0,88,65,288,288,100,8
gsm8k-test-00695-01660672,0,0,66,84,288,288,0,100
gsm8k-test-00696-c4eea198,0,0,100,86,288,288,10,30
gsm8k-test-00697-8b5b56f0,0,0,4,4,261,261,10,12
gsm8k-test-00698-dfd0556e,0,0,88,34,288,288,100000,24
gsm8k-test-00699-21d68b10,0,0,73,39,288,288,10,6
gsm8k-test-00700-93899a6c,0,1,4,5,261,262,15,135
gsm8k-test-00701-0270a167,0,0,104,82,288,288,1,10
gsm8k-test-00702-567bdb50,0,0,73,79,288,288,1000,2
gsm8k-test-00703-5668a174,0,0,92,78,288,288,1,6
gsm8k-test-00704-5ee9f270,1,0,55,70,288,288,50,2
gsm8k-test-00705-32b8a253,0,0,89,69,288,288,10,10
gsm8k-test-00706-5b7f6f19,0,0,10,4,262,261,12,14
gsm8k-test-00707-9db7165d,0,0,114,40,288,288,32,0
gsm8k-test-00708-15100087,0,0,49,49,288,288,1000000000000000,10000000000000000
gsm8k-test-00709-a0ae6128,0,0,67,101,288,288,1,100
gsm8k-test-00710-f9b82198,0,0,74,36,288,288,1,10
gsm8k-test-00711-83e7d566,0,0,17,52,272,288,1.50,1.5
gsm8k-test-00712-00654999,0,0,100,61,288,288,100,100
gsm8k-test-00713-9390cb95,0,0,102,44,288,288,15,1
gsm8k-test-00714-bfd0d3be,0,0,73,4,288,261,1000,30
gsm8k-test-00715-7414da56,0,0,102,6,288,263,700,1400
gsm8k-test-00716-b149ce70,0,0,49,14,280,263,3000,110
gsm8k-test-00717-c257fee5,0,0,49,89,288,288,1000000000000000,16
gsm8k-test-00718-f2a6549e,0,0,96,41,288,288,30,3
gsm8k-test-00719-a5b9a42f,0,0,101,75,288,288,10,1
gsm8k-test-00720-72fa5474,0,0,4,19,261,263,13,3
gsm8k-test-00721-4067bce9,0,0,6,20,263,264,1000,16
gsm8k-test-00722-d79a0a1e,0,0,84,79,288,288,100,450
gsm8k-test-00723-69607190,0,0,12,11,263,262,130,13
gsm8k-test-00724-b13dce67,0,0,98,73,288,288,12,1
gsm8k-test-00725-a5ba7162,0,0,5,13,262,263,3,108
gsm8k-test-00726-8f0444d1,1,0,11,21,262,267,10,4
gsm8k-test-00727-0cc772e1,0,0,87,40,288,288,10,100
gsm8k-test-00728-532f21d9,0,0,77,41,288,288,100,5
gsm8k-test-00729-219de13b,0,0,37,33,288,288,00,4
gsm8k-test-00730-c5a5231d,0,0,104,22,288,266,1,15
gsm8k-test-00731-bc3378ff,0,0,20,28,270,264,57,3
gsm8k-test-00732-873dd691,0,0,102,18,288,267,15,12
gsm8k-test-00733-26e868b2,0,0,68,32,288,288,10,10
gsm8k-test-00734-8631288c,0,0,93,42,288,288,1000,2
gsm8k-test-00735-b5662de2,0,0,74,38,288,288,5,5
gsm8k-test-00736-68a79fb4,0,0,70,56,288,288,100,1
gsm8k-test-00737-b57100db,0,0,71,45,288,288,150,32
gsm8k-test-00738-bdd8988e,0,0,96,93,288,288,1000,2
gsm8k-test-00739-ef1ef813,0,0,108,101,288,288,2,16
gsm8k-test-00740-617ce031,0,0,3,8,260,265,2,10
gsm8k-test-00741-742a117b,0,0,40,38,288,288,20,1
gsm8k-test-00742-95e59e61,0,0,49,64,288,288,1000000000000000,1
gsm8k-test-00743-fb18ba51,0,0,39,57,288,288,6,5
gsm8k-test-00744-bad1d10b,0,0,87,32,288,288,100,8
gsm8k-test-00745-dc3605a7,0,0,56,70,288,288,1000,18
gsm8k-test-00746-689d7d3c,0,0,98,121,288,288,18,26
gsm8k-test-00747-8e86f442,0,0,83,57,288,288,1000,100
gsm8k-test-00748-1c0a1d69,0,0,105,109,288,288,56,56
gsm8k-test-00749-fd001056,0,0,73,68,288,288,12,200
gsm8k-test-00750-dc3dfb9c,0,0,121,103,288,288,60,20
gsm8k-test-00751-314249fd,0,0,5,76,262,288,108,48
gsm8k-test-00752-bc12ef01,0,0,113,109,288,288,100,100
gsm8k-test-00753-3e007067,0,0,88,4,288,261,100,10
gsm8k-test-00754-1dd8f2b1,0,0,95,76,288,288,100,120
gsm8k-test-00755-95bbb52f,0,0,40,88,288,288,100000000000000000000,13
gsm8k-test-00756-c4a4f57c,0,0,108,62,288,288,5,1000000000000
gsm8k-test-00757-722e050a,0,0,91,80,288,288,15,12
gsm8k-test-00758-86462eb3,0,0,49,73,288,288,1000000000000000,140
gsm8k-test-00759-607368c7,0,0,95,94,288,288,30,2
gsm8k-test-00760-65a55bc0,0,0,109,4,288,261,12,12
gsm8k-test-00761-30f42be1,0,0,33,72,288,288,8,12
gsm8k-test-00762-27925cd4,0,0,95,4,288,261,10,70
gsm8k-test-00763-5af878f1,0,0,102,104,288,288,250,2
gsm8k-test-00764-084577c4,0,1,86,4,288,153,5,14
gsm8k-test-00765-81c84c1b,0,0,39,81,288,288,1030,1110
gsm8k-test-00766-466d789a,0,0,67,60,288,288,200,25.0
gsm8k-test-00767-9f478744,0,0,63,78,288,288,1000,5
gsm8k-test-00768-fbfe67e3,0,0,82,5,288,262,150,300
gsm8k-test-00769-2fec24d0,0,0,115,115,288,288,5,5
gsm8k-test-00770-6b14d2eb,0,0,4,4,261,261,11,17
gsm8k-test-00771-c21f6c55,0,0,17,32,271,288,135,25
gsm8k-test-00772-41150db1,0,0,110,39,288,288,12,6
gsm8k-test-00773-9fc2936a,0,1,39,44,288,288,100000000000000000000,10
gsm8k-test-00774-9c5b83ca,0,1,87,85,288,288,100,10
gsm8k-test-00775-7e596029,0,0,49,60,288,288,1000000000000000000,2
gsm8k-test-00776-d0ec8da1,0,0,62,34,288,288,142,400
gsm8k-test-00777-03c26363,0,0,5,100,262,288,600,6
gsm8k-test-00778-c7d44bb9,0,0,4,67,261,288,18,1000
gsm8k-test-00779-82d3577a,0,0,76,4,288,261,1.5,14
gsm8k-test-00780-47b9c582,0,0,4,26,261,265,30,10
gsm8k-test-00781-611e204d,0,0,40,60,288,288,10000000000000000,1
gsm8k-test-00782-ff7424c7,0,0,88,75,288,288,14,16
gsm8k-test-00783-7080a92d,0,0,4,84,261,288,17,10
gsm8k-test-00784-ecfd91c7,0,0,87,32,288,288,2,10.0000000000000000000000000000
gsm8k-test-00785-92db5dc5,0,0,35,35,288,288,10,10
gsm8k-test-00786-fc62af6c,0,0,81,32,288,288,1000,57
gsm8k-test-00787-33d94782,0,0,4,12,261,262,40,8
gsm8k-test-00788-b3787649,0,0,88,49,288,288,17,1000000000000000
gsm8k-test-00789-e24a0d41,0,0,9,97,262,288,10,5
gsm8k-test-00790-6514f3a1,0,0,59,110,288,288,100000000000000000,3
gsm8k-test-00791-53afc302,0,0,90,39,288,288,172,282
gsm8k-test-00792-93fb6bac,0,0,32,32,288,288,1000000000000000000000000000000,1000000000000000000000000000000
gsm8k-test-00793-671b13da,0,0,62,78,288,288,10000000000000000,126250
gsm8k-test-00794-3818544e,0,0,90,96,288,288,20,12
gsm8k-test-00795-a1e95569,0,0,79,89,288,288,10,25
gsm8k-test-00796-0019309e,0,0,53,32,288,288,20,2000000000000000000000000000000
gsm8k-test-00797-656e874e,0,0,107,104,288,288,490,130
gsm8k-test-00798-6a350e5b,0,0,7,4,264,261,10.00,11
gsm8k-test-00799-d18b9076,0,0,82,62,288,288,1.50,1000000000000
gsm8k-test-00800-c0b133c1,0,0,87,5,288,262,1,278
gsm8k-test-00801-8677ae8d,0,0,49,99,288,288,1000000000000000000,2
gsm8k-test-00802-8b47e7be,0,0,4,41,261,288,11,30
gsm8k-test-00803-f86655f6,0,0,64,47,288,288,2,8192
gsm8k-test-00804-b3ea54b9,0,0,9,91,261,288,2,15
gsm8k-test-00805-67a3beb0,0,0,59,65,288,288,1000,600
gsm8k-test-00806-9572ca84,0,0,5,80,262,288,380,80
gsm8k-test-00807-027d66b3,0,0,90,4,288,261,12,12
gsm8k-test-00808-a2520553,0,0,104,84,288,288,10,1.5
gsm8k-test-00809-b0141f90,0,0,117,65,288,288,100,100
gsm8k-test-00810-26b92d9e,0,0,92,93,288,288,20,100
gsm8k-test-00811-67edeb0d,0,0,86,7,288,264,1,23.50
gsm8k-test-00812-59955040,0,0,108,32,288,288,5,26
gsm8k-test-00813-c013f4f6,0,0,96,12,288,264,15,53
gsm8k-test-00814-adc4de60,0,0,104,22,288,266,3,17
gsm8k-test-00815-32471742,0,0,104,101,288,288,11,10
gsm8k-test-00816-fcef2039,0,0,60,70,288,288,16,1000
gsm8k-test-00817-bb19e29a,0,0,57,105,288,288,100000000000000000,17
gsm8k-test-00818-d002a312,0,0,104,40,288,288,20,20
gsm8k-test-00819-d9eb85db,0,0,74,49,288,288,17,10000000000000
gsm8k-test-00820-05a3459f,0,0,136,95,288,288,8,8
gsm8k-test-00821-0fc31d87,0,0,39,69,288,288,5,1
gsm8k-test-00822-61380d43,0,0,40,104,288,288,100000000000000000000,10
gsm8k-test-00823-99d384b1,0,0,87,4,288,261,4,15
gsm8k-test-00824-8c9cb5ad,0,0,84,4,288,261,10,11
gsm8k-test-00825-f17c2f13,0,0,5,92,123,288,353,12
gsm8k-test-00826-9e33b3f8,0,0,84,96,288,288,2,5
gsm8k-test-00827-8693657a,0,0,7,78,263,288,1.35,12.00
gsm8k-test-00828-e81abeb9,0,0,49,98,288,288,1000000000000000000,23
gsm8k-test-00829-66f0a630,0,0,86,32,288,288,100000,1000000000000000000000000000000
gsm8k-test-00830-0d3dc91f,0,0,4,4,261,261,13,15
gsm8k-test-00831-f23967bf,0,0,76,4,288,261,20,17
gsm8k-test-00832-09ee1c45,0,0,129,117,288,288,16,40
gsm8k-test-00833-332180f6,0,0,4,32,261,288,12,1000000000000000000000000000000
gsm8k-test-00834-06c1abfe,0,0,66,69,288,288,200,10
gsm8k-test-00835-c4de7ed4,0,0,108,54,288,288,18,1
gsm8k-test-00836-cf158eca,0,0,97,95,288,288,1,14
gsm8k-test-00837-da8be9e9,0,0,90,4,288,261,1000,17
gsm8k-test-00838-41b8dd72,0,0,98,114,288,288,1,5
gsm8k-test-00839-d00fb9b4,0,0,105,75,288,288,3,100
gsm8k-test-00840-25552acc,0,0,87,65,288,288,30,8
gsm8k-test-00841-fb0a24a6,0,0,84,62,288,288,2,10000000000000
gsm8k-test-00842-f50cc0f5,0,0,32,32,288,288,1000000000000000000000000000000,1000000000000000000000000000000
gsm8k-test-00843-09611f03,0,0,49,32,288,288,1000000000000000000,1000000000000000000000000000000
gsm8k-test-00844-44f3552f,0,0,4,115,261,288,20,2
gsm8k-test-00845-0b13d6ea,0,0,42,39,288,288,8,7
gsm8k-test-00846-3aa8d4c8,0,0,101,94,288,288,2,1
gsm8k-test-00847-94aeb3ff,0,0,71,38,288,288,19,3
gsm8k-test-00848-069f6cd3,0,1,104,65,288,288,8,10.00
gsm8k-test-00849-1d80cc28,0,0,80,80,288,288,30,30
gsm8k-test-00850-68f5e6e6,0,0,70,36,288,288,325,1
gsm8k-test-00851-a4102d25,0,0,6,107,166,288,2640,2
gsm8k-test-00852-7432b9f2,0,0,4,4,261,261,11,16
gsm8k-test-00853-ebbfda57,0,0,85,75,288,288,100,50
gsm8k-test-00854-9e9248c5,0,0,40,94,288,288,14,19
gsm8k-test-00855-4b405280,0,0,32,4,288,216,12,87
gsm8k-test-00856-7c83b630,0,0,17,27,264,266,220,194
gsm8k-test-00857-c97c5aa1,0,0,7,96,214,288,10000,6
gsm8k-test-00858-8e2bd529,0,0,88,42,288,288,16,6
gsm8k-test-00859-76aaa524,0,0,98,36,288,288,10,17
gsm8k-test-00860-5264cc08,0,1,32,90,288,288,1000000000000000000000000000000,3
gsm8k-test-00861-39d6bd05,0,0,78,21,288,263,10,1
gsm8k-test-00862-bbaf8ef4,0,0,82,58,288,288,100,2600
gsm8k-test-00863-7594a2de,0,0,60,81,288,288,100000000000000000,100
gsm8k-test-00864-80c6c993,0,0,5,39,262,288,600,1
gsm8k-test-00865-9fa70f2d,0,0,88,82,288,288,20,3
gsm8k-test-00866-f8c95a63,0,0,91,58,288,288,10,1
gsm8k-test-00867-2064b5a5,0,0,95,113,288,288,15,103
gsm8k-test-00868-51522c33,0,0,7,90,264,288,977.5,10
gsm8k-test-00869-ba84bded,0,0,49,89,288,288,1000000000000000,4
gsm8k-test-00870-420c37cb,0,0,102,4,288,261,10,13
gsm8k-test-00871-99ee5c3f,0,0,81,62,288,288,10,18
gsm8k-test-00872-5d42fef7,0,0,69,50,288,288,100,3
gsm8k-test-00873-f9e30dcf,0,0,64,7,288,264,16,12.48
gsm8k-test-00874-47b735fe,0,0,92,54,288,288,24,1000000000000000
gsm8k-test-00875-4ca7a83d,0,0,61,32,288,288,1,10
gsm8k-test-00876-a6271ceb,0,0,4,76,261,288,15,9
gsm8k-test-00877-2d377ad5,0,0,90,73,288,288,3,3
gsm8k-test-00878-4daa2438,0,0,90,38,288,288,16,3
gsm8k-test-00879-c62dc57e,0,0,84,73,288,288,1000,100
gsm8k-test-00880-3a434411,0,0,32,62,288,288,1000000000000000000000000000000,200
gsm8k-test-00881-95746fee,0,0,54,38,288,288,10000000000000000,8
gsm8k-test-00882-a390bffd,0,0,4,40,261,288,15,12
gsm8k-test-00883-f2d4d7e5,0,0,108,4,288,261,10,19
gsm8k-test-00884-6e4aa9d3,0,0,80,33,288,288,80,8
gsm8k-test-00885-71b2bb64,0,0,74,5,288,262,2,575
gsm8k-test-00886-8f493c8c,0,0,124,38,288,288,50,5
gsm8k-test-00887-d18bfe4d,0,0,65,32,288,288,2,10
gsm8k-test-00888-a0a6fac7,0,0,33,56,288,288,8,100000000000000
gsm8k-test-00889-436a58f9,0,0,51,80,288,288,100000000000,5
gsm8k-test-00890-fc290e59,0,0,49,32,288,288,1000000000000000000,1
gsm8k-test-00891-dfbf7d8a,0,0,104,90,288,288,121,121
gsm8k-test-00892-ce521f85,0,0,7,94,264,288,11.50,3
gsm8k-test-00893-a0a7e7ab,0,0,92,32,288,288,10,1000000000000000000000000000000
gsm8k-test-00894-2cc79848,0,0,56,55,288,288,6,1000
gsm8k-test-00895-2dfc5e55,0,0,85,32,288,288,20,1000000000000000000000000000000
gsm8k-test-00896-6dbed024,0,0,4,86,261,288,10,3
gsm8k-test-00897-6384adf8,0,0,37,32,288,288,15,10
gsm8k-test-00898-420b6c70,0,0,86,89,288,288,10,50
gsm8k-test-00899-963f8e51,0,0,92,32,288,288,2,4
gsm8k-test-00900-c4ae8d19,0,0,102,55,288,288,10,100000000000
gsm8k-test-00901-136aeda7,0,0,82,9,288,261,1000,5
gsm8k-test-00902-a7ec4db4,0,0,84,73,288,288,17,100
gsm8k-test-00903-c423e612,0,0,87,85,288,288,10,12
gsm8k-test-00904-8f5102fe,0,0,108,38,288,288,60,2
gsm8k-test-00905-64869b94,0,0,94,10,288,262,100,10
gsm8k-test-00906-da2760f4,0,0,77,97,288,288,3,3
gsm8k-test-00907-c7519494,0,0,82,67,288,288,17,1000
gsm8k-test-00908-1bed223b,0,0,54,46,288,288,10,5
gsm8k-test-00909-f4ff034a,0,0,78,32,288,288,17,1000000000000000000000000000000
gsm8k-test-00910-ad962657,0,0,79,11,288,263,100,300
gsm8k-test-00911-042c0274,0,0,113,91,288,288,1000,50
gsm8k-test-00912-bed5f91b,0,0,80,10,288,263,4,2
gsm8k-test-00913-d38f11f6,0,0,114,119,288,288,10,2
gsm8k-test-00914-e3fde410,0,0,93,65,288,288,1000,300
gsm8k-test-00915-576b2cfd,0,0,97,38,288,288,15,8
gsm8k-test-00916-b44a7bc6,0,0,86,88,288,288,19,21
gsm8k-test-00917-44bcc203,0,0,33,97,288,288,8,6
gsm8k-test-00918-693d1ef2,0,0,4,6,261,263,38,1212
gsm8k-test-00919-75383981,0,0,32,64,288,288,100000000000000000000000,0.100
gsm8k-test-00920-3ccfe3e6,0,0,9,51,262,288,10,3
gsm8k-test-00921-76a1374e,0,0,95,92,288,288,3,2
gsm8k-test-00922-2e113f31,0,0,98,76,288,288,15,10
gsm8k-test-00923-16107f53,0,0,68,85,288,288,20,18
gsm8k-test-00924-dd6cf248,1,0,4,4,261,261,12,16
gsm8k-test-00925-f1e2438e,0,0,4,32,261,288,13,1000000000000000000000000000000
gsm8k-test-00926-51860cc8,0,0,4,10,261,261,10,5
gsm8k-test-00927-925b9d06,0,0,61,91,288,288,1,2
gsm8k-test-00928-3e11aadb,0,0,73,45,288,276,100,57
gsm8k-test-00929-457b371b,0,0,92,93,288,288,2,6
gsm8k-test-00930-35ca9ab3,0,0,4,36,261,288,48,0
gsm8k-test-00931-1aea626b,0,0,87,32,288,288,16,1000000000000000000000000000000
gsm8k-test-00932-13d10b8b,0,0,100,100,288,288,10,10
gsm8k-test-00933-5ce1ad65,0,0,28,11,265,262,2,75
gsm8k-test-00934-75db5f55,0,0,10,114,263,288,400,10
gsm8k-test-00935-298733e2,0,0,7,63,264,288,1000,17
gsm8k-test-00936-79a51caa,0,0,85,69,288,288,12,70
gsm8k-test-00937-a8687856,0,0,67,83,288,288,12,100
gsm8k-test-00938-f4ca8fb1,0,0,13,70,263,288,300,1050
gsm8k-test-00939-209a34dc,0,0,86,98,288,288,13,215
gsm8k-test-00940-a8011976,0,0,4,84,261,288,78,5
gsm8k-test-00941-2edf38e7,0,0,4,36,261,288,14,9
gsm8k-test-00942-2c330111,0,0,5,94,262,288,195,35
gsm8k-test-00943-d82eb7a9,0,0,40,65,288,288,100000000000000000000,100
gsm8k-test-00944-166c80c7,0,0,49,76,288,288,1000000000000000000,1.5
gsm8k-test-00945-fb9167f0,0,0,95,85,288,288,10,10
gsm8k-test-00946-c0eefac0,0,0,62,52,288,288,280,48
gsm8k-test-00947-319d3f6a,0,0,121,38,288,288,10,10
gsm8k-test-00948-56ab65f1,0,0,69,82,288,288,10,13
gsm8k-test-00949-2b127fae,0,0,108,14,288,109,10,10
gsm8k-test-00950-b866278e,0,0,81,4,288,261,10,45
gsm8k-test-00951-8fd6525f,0,0,63,55,288,288,10000000000000,1000
gsm8k-test-00952-f5990159,0,0,85,54,288,288,3,30
gsm8k-test-00953-1695cf1a,0,0,52,12,288,262,1,22
gsm8k-test-00954-e5dbfc5b,0,0,5,32,262,288,3,10
gsm8k-test-00955-68c81058,0,0,94,61,288,288,15,3
gsm8k-test-00956-3b456f81,0,0,106,4,288,261,16,16
gsm8k-test-00957-32fd83ef,0,0,100,60,288,288,16,19
gsm8k-test-00958-35521bc9,0,0,83,114,288,288,1,2
gsm8k-test-00959-d569f633,0,0,3,3,260,260,2,2
gsm8k-test-00960-3ef52395,0,0,34,4,288,261,1,10
gsm8k-test-00961-1e36f7e8,0,0,49,60,288,288,1000000000000000,15
gsm8k-test-00962-adda018a,0,1,71,6,288,263,895,1000
gsm8k-test-00963-81558eb7,0,0,3,3,260,260,5,4
gsm8k-test-00964-31c70fdf,0,0,85,87,288,288,100,20
gsm8k-test-00965-f3ca7e7e,0,0,91,11,288,263,5,300
gsm8k-test-00966-388c2675,0,0,22,4,265,261,2,12
gsm8k-test-00967-0db78aa6,0,0,79,92,288,288,2,25
gsm8k-test-00968-87e2b81e,0,0,12,32,262,288,15,18
gsm8k-test-00969-193eb8e0,0,0,5,21,262,265,300,2
gsm8k-test-00970-a278521e,0,0,72,83,288,288,100,18
gsm8k-test-00971-c3cb3d99,0,0,102,96,288,288,15,15
gsm8k-test-00972-c0698873,0,0,90,90,288,288,3,12
gsm8k-test-00973-31792469,1,0,80,112,288,288,79,4
gsm8k-test-00974-19ba003f,1,0,3,40,201,288,5,192
gsm8k-test-00975-f5597fe5,0,0,55,102,288,288,18,33
gsm8k-test-00976-ef06d2fe,0,0,4,84,261,288,11,1
gsm8k-test-00977-fdf9b8a2,0,0,99,87,288,288,1.50,8
gsm8k-test-00978-2c08ed20,0,0,84,76,288,288,10,16
gsm8k-test-00979-d039917b,0,0,99,71,288,288,19,19
gsm8k-test-00980-522e7dec,0,0,96,66,288,288,10,10
gsm8k-test-00981-315ff63c,0,0,4,4,261,261,10,17
gsm8k-test-00982-0ba3c7d3,0,0,121,42,288,288,2,5
gsm8k-test-00983-63c10e42,0,0,89,60,288,288,14,23
gsm8k-test-00984-2cf00f5b,0,0,14,99,264,288,8120,12
gsm8k-test-00985-df61877c,0,0,39,33,288,288,18,8
gsm8k-test-00986-d6936c86,0,0,7,66,264,288,30.00,1000
gsm8k-test-00987-5d192b58,0,0,103,98,288,288,1,30
gsm8k-test-00988-6e00747d,0,0,19,66,264,288,24,25
gsm8k-test-00989-2ad9bd99,0,0,72,49,288,288,100,1000000000000000
gsm8k-test-00990-569fe2a0,0,0,4,4,261,261,21,16
gsm8k-test-00991-cc78a9cd,0,0,83,4,288,261,10,30
gsm8k-test-00992-d0305a34,0,0,40,4,288,261,100000000000000000000,11
gsm8k-test-00993-0407558d,0,0,5,29,262,283,4,44
gsm8k-test-00994-101b0e9a,0,0,12,12,262,262,60,40
gsm8k-test-00995-35a2af89,0,0,50,67,288,288,2,3
gsm8k-test-00996-c73d918c,0,0,88,82,288,288,18,1
gsm8k-test-00997-66878f1c,0,0,6,6,263,263,1000,2000
gsm8k-test-00998-0a2730fd,0,0,87,40,288,288,1.50,100
gsm8k-test-00999-01916eea,0,0,88,83,288,288,2,15
gsm8k-test-01000-14e162fc,0,0,4,4,261,261,12,32
gsm8k-test-01001-db9b0e4c,0,0,9,88,264,288,00,17
gsm8k-test-01002-035a061e,0,0,37,4,288,261,16,13
gsm8k-test-01003-a4de1b0d,0,0,5,4,262,261,100,10
gsm8k-test-01004-9f87e95b,1,0,33,95,288,288,8,4
gsm8k-test-01005-053f59b0,0,0,92,32,288,288,50,5
gsm8k-test-01006-fdc0f9b0,0,0,86,91,288,288,120,0
gsm8k-test-01007-8e0576ff,0,0,77,94,288,288,100,3
gsm8k-test-01008-cc873be4,0,0,81,69,288,288,4,10
gsm8k-test-01009-ff4f0f1f,0,0,6,4,263,261,3000,13
gsm8k-test-01010-3ffaf0e0,0,0,60,59,288,288,1,20
gsm8k-test-01011-0ec558f2,0,0,96,34,288,281,4,29200
gsm8k-test-01012-55a162e4,0,0,4,113,261,288,28,7
gsm8k-test-01013-e23136d3,0,0,10,7,262,264,40,10000
gsm8k-test-01014-60dcca05,0,0,99,39,288,288,5,6
gsm8k-test-01015-f4a8f279,0,0,96,78,288,288,60,15
gsm8k-test-01016-a7d78e5a,0,0,5,37,85,288,135,0
gsm8k-test-01017-8cf4d169,0,0,4,5,261,262,72,105
gsm8k-test-01018-d2b82c86,0,0,52,70,288,288,100000000,10
gsm8k-test-01019-5e8a0183,0,0,4,40,261,288,24,20
gsm8k-test-01020-8cae947b,0,0,43,96,288,288,100,3
gsm8k-test-01021-d30137ac,0,0,71,44,288,288,21,4
gsm8k-test-01022-db634e32,0,0,113,74,288,288,19,21
gsm8k-test-01023-db2d2e36,0,0,109,98,288,288,2,1000
gsm8k-test-01024-0172bc0c,0,0,49,49,288,288,1000000000000000,1000000000000000
gsm8k-test-01025-39c345ce,0,0,74,53,288,288,100,10
gsm8k-test-01026-488aa286,0,0,49,58,288,288,1,0.12
gsm8k-test-01027-19e905ba,0,0,4,90,261,288,88,16
gsm8k-test-01028-cfb0bd07,0,0,6,65,263,288,4000,3
gsm8k-test-01029-deca50be,0,0,79,103,288,288,10,7
gsm8k-test-01030-5eef63ae,0,0,105,5,288,262,15,0.5
gsm8k-test-01031-55832d27,0,0,6,6,263,263,6000,6000
gsm8k-test-01032-018f6c64,0,0,40,61,288,288,100000000000000000000,100
gsm8k-test-01033-5f5e3f19,0,0,4,82,261,288,15,1
gsm8k-test-01034-53509ad9,0,0,32,70,288,288,1000000000000000000000000000000,1.20
gsm8k-test-01035-f592e2d5,0,0,126,76,288,288,5,100
gsm8k-test-01036-b257cf18,0,0,63,63,288,288,22,26
gsm8k-test-01037-5f6fa054,0,0,7,4,263,261,40,56
gsm8k-test-01038-bdfb019b,0,0,10,60,262,288,10,50
gsm8k-test-01039-e2c13e9d,0,0,93,15,288,219,10,8
gsm8k-test-01040-613e7767,0,0,98,36,288,288,425,13
gsm8k-test-01041-d55219a2,0,0,62,58,288,288,100000000000,10
gsm8k-test-01042-b7f59158,0,0,5,5,262,262,1.5,2.1
gsm8k-test-01043-92303715,0,0,98,38,288,288,100,2
gsm8k-test-01044-ba865f7c,0,0,43,88,288,288,,100
gsm8k-test-01045-e4f79fb4,0,0,4,5,261,262,80,100
gsm8k-test-01046-d1b91513,0,0,100,82,288,288,8,8
gsm8k-test-01047-151afe2d,0,0,86,129,288,288,100,19
gsm8k-test-01048-6feb7653,0,0,37,37,288,288,2,2
gsm8k-test-01049-fb3e3670,0,0,41,42,288,288,1,10
gsm8k-test-01050-8af25488,0,0,105,99,288,288,325,2
gsm8k-test-01051-c357caa6,0,0,56,32,143,288,1000000000000,4560000000000000000000000000000
gsm8k-test-01052-67bae36b,0,0,84,56,288,288,00,2
gsm8k-test-01053-3d3024d6,0,0,94,19,288,244,1,73
gsm8k-test-01054-5c57a1aa,0,0,5,54,262,288,252,20
gsm8k-test-01055-84adc855,0,0,62,55,288,288,120,6
gsm8k-test-01056-5c77e890,0,0,118,32,288,288,1,1
gsm8k-test-01057-98ea0405,0,0,32,108,288,288,3,4
gsm8k-test-01058-4cba5722,0,0,5,5,262,262,100,100
gsm8k-test-01059-f27f43ea,0,0,85,62,288,288,1,20.0
gsm8k-test-01060-e9e2335d,0,0,49,93,288,288,10000000000000000,3
gsm8k-test-01061-e3c08464,0,0,60,76,288,288,100,3
gsm8k-test-01062-f4ee6593,0,0,99,70,288,288,60,100
gsm8k-test-01063-c640d6f5,0,0,46,72,288,288,2,16
gsm8k-test-01064-f21a9e6c,0,0,4,125,261,288,32,1
gsm8k-test-01065-66a9f2e7,0,0,49,53,288,288,10000000000000000000,45
gsm8k-test-01066-88977349,0,0,96,72,288,288,70,200
gsm8k-test-01067-3f46ac8d,0,0,104,63,288,288,12,100000000
gsm8k-test-01068-df1e0d93,0,0,101,105,288,288,10,10
gsm8k-test-01069-0cc2ca2b,0,0,6,10,263,263,3300,400
gsm8k-test-01070-52839837,0,0,95,72,288,288,12,16
gsm8k-test-01071-8cb94056,0,0,41,111,288,288,25,125
gsm8k-test-01072-908924ef,0,0,91,32,288,110,1,1000000000000000000000000000000
gsm8k-test-01073-3be47612,0,0,82,39,288,288,15,315
gsm8k-test-01074-4ba473f0,0,0,5,91,262,288,500,500
gsm8k-test-01075-147eedad,0,0,32,56,288,288,150.000000000000000000000000000,1.25
gsm8k-test-01076-57933896,0,0,49,49,288,288,1000000000000000,1000000000000
gsm8k-test-01077-259a3531,0,0,147,74,288,288,10,1
gsm8k-test-01078-47484d31,0,0,52,52,288,288,100000000000000,24
gsm8k-test-01079-53b2e436,0,0,109,109,288,288,120,120
gsm8k-test-01080-63d42fb7,0,0,89,64,288,288,10,0.100
gsm8k-test-01081-a399b7ef,0,0,97,29,288,269,15,15
gsm8k-test-01082-fc77826e,0,0,109,102,288,288,1,4
gsm8k-test-01083-9ead973a,0,0,127,32,190,288,0.80,1000000000000000000000000000000
gsm8k-test-01084-3c7ee3f0,0,0,109,104,288,288,100,10
gsm8k-test-01085-afa2ebd0,0,0,75,32,288,288,2,1000000000000000000000000000000
gsm8k-test-01086-0fd5beca,0,0,4,79,261,288,16,20
gsm8k-test-01087-338e16b9,0,0,103,73,288,288,5,100
gsm8k-test-01088-7e1e66c7,0,0,32,48,288,288,1000000000000000000000000000000,16
gsm8k-test-01089-75188122,0,0,95,52,288,288,100,4
gsm8k-test-01090-3101f57b,0,0,3,4,260,261,2,17
gsm8k-test-01091-941d3e97,0,0,85,32,288,288,5,1000000000000000000000000000000
gsm8k-test-01092-68082d4d,0,0,101,5,288,262,1000,270
gsm8k-test-01093-952fe1fe,0,0,75,57,288,288,15,10
gsm8k-test-01094-d36ca220,0,0,5,4,262,261,3,16
gsm8k-test-01095-c6e210d6,0,0,93,32,288,288,2,18
gsm8k-test-01096-2c20f243,0,0,78,65,288,288,10000,16
gsm8k-test-01097-b8b978bd,0,0,40,36,288,288,35,5
gsm8k-test-01098-f1c05dc7,0,0,98,14,288,170,12,14
gsm8k-test-01099-8e2d1abb,0,0,59,42,288,288,100,3
gsm8k-test-01100-f0fb13eb,1,0,92,56,288,288,5,10
gsm8k-test-01101-d57cde28,0,0,89,3,288,260,100,8
gsm8k-test-01102-576263f7,0,0,8,7,265,264,100.00,85.00
gsm8k-test-01103-d454e529,0,0,69,3,288,260,1,3
gsm8k-test-01104-5c8651de,0,0,78,39,288,288,100,6
gsm8k-test-01105-61d9ff55,0,0,87,9,288,266,20,100000
gsm8k-test-01106-1a4e2bf2,0,0,43,44,288,288,100,6
gsm8k-test-01107-e75905ce,0,0,65,65,288,288,1,3
gsm8k-test-01108-0d6711e2,0,0,16,6,270,263,125,1.00
gsm8k-test-01109-a9e516a6,0,0,105,5,288,262,16,4.5
gsm8k-test-01110-cfd73b5b,0,0,88,10,288,263,10,125
gsm8k-test-01111-a9f00036,0,0,49,88,288,288,1000000000000000,15
gsm8k-test-01112-91761b1f,0,0,60,96,288,288,2,12
gsm8k-test-01113-04b3b6a7,0,0,49,3,288,260,10000000000000000,2
gsm8k-test-01114-e2f487a6,0,0,32,38,288,288,1000000000000000000000000000000,6
gsm8k-test-01115-108dbd98,0,0,86,61,288,288,18,2
gsm8k-test-01116-bca05969,0,0,102,75,288,288,50,100
gsm8k-test-01117-906a073f,0,0,55,40,288,288,100000000000000,8
gsm8k-test-01118-45d10d80,0,1,96,78,288,284,16,5
gsm8k-test-01119-cc2a173f,0,0,100,92,288,288,3,16
gsm8k-test-01120-5f8a10e6,0,0,87,84,288,288,3,1
gsm8k-test-01121-6b446cb0,0,0,77,33,288,288,15,100000000000000000
gsm8k-test-01122-9a1d207a,0,0,106,4,288,261,5,15
gsm8k-test-01123-92055657,0,0,92,74,288,288,15,18
gsm8k-test-01124-978de596,0,0,83,66,288,288,17,1
gsm8k-test-01125-b895dd7b,0,0,32,49,288,288,1000000000000000000000000000000,300
gsm8k-test-01126-8321dd48,0,0,98,19,288,266,4000,40000
gsm8k-test-01127-48705328,0,0,108,61,288,288,100,100000000000
gsm8k-test-01128-9105ce59,0,0,78,93,288,288,1,1
gsm8k-test-01129-1121bf3a,0,0,62,32,288,288,10000000000000000,36
gsm8k-test-01130-75be5ef2,0,0,77,32,288,288,26560,3200000000000000000000000000000
gsm8k-test-01131-10431490,0,0,75,67,288,288,1000,1000
gsm8k-test-01132-b0dc7171,0,0,90,32,288,288,16,1000000000000000000000000000000
gsm8k-test-01133-c26bef65,0,0,9,74,261,288,3,1
gsm8k-test-01134-a83fa132,0,0,49,90,288,288,1000000000000000000,11
gsm8k-test-01135-ecdfb364,0,0,33,3,288,260,1000000000000000000000000,7
gsm8k-test-01136-26742dad,0,0,85,4,288,261,20,15
gsm8k-test-01137-6515b49f,0,0,4,4,261,261,33,13
gsm8k-test-01138-6688c7bf,0,0,104,82,288,288,80,1
gsm8k-test-01139-cd13703a,0,0,40,7,288,264,9,40.00
gsm8k-test-01140-15e53aeb,0,0,49,29,288,264,1000000000000000000,2
gsm8k-test-01141-8367bac9,0,0,89,40,288,288,5,30
gsm8k-test-01142-2f076d4d,0,0,88,37,288,288,130,3
gsm8k-test-01143-8f8aee5f,0,0,80,78,288,288,100,1000
gsm8k-test-01144-3c95ab93,0,0,66,77,288,288,84,3
gsm8k-test-01145-cfc052f7,0,0,71,72,288,288,10,200
gsm8k-test-01146-1ed49328,0,0,97,66,288,288,5,15
gsm8k-test-01147-fc025886,0,0,4,119,261,288,15,7
gsm8k-test-01148-06150195,0,0,102,79,288,288,10,18
gsm8k-test-01149-a841a33b,0,0,94,9,288,262,1,81
gsm8k-test-01150-bc02acd0,0,0,49,80,288,288,1000000000000000,2
gsm8k-test-01151-78e327fb,0,0,43,32,288,288,33.3333333333333333333,1000000000000000000000000000000
gsm8k-test-01152-fedfc30a,0,0,107,32,288,288,20,1000000000000000000000000000000
gsm8k-test-01153-7ff10592,0,0,18,102,266,288,0.2875,26
gsm8k-test-01154-3e47400d,0,0,69,39,288,288,13,7
gsm8k-test-01155-9237e358,0,0,100,39,288,288,5,3
gsm8k-test-01156-941e44e0,0,0,88,4,288,261,1,23
gsm8k-test-01157-389e693b,0,0,108,108,288,288,1,1.5
gsm8k-test-01158-3703cfe3,0,0,98,6,288,263,10,2300
gsm8k-test-01159-75bd98ff,0,0,80,5,288,262,10,4
gsm8k-test-01160-3c1af477,0,0,106,6,288,263,10,2136
gsm8k-test-01161-c53c536c,0,0,81,32,288,288,1,3000000000000000000000000000000
gsm8k-test-01162-ef1ad002,0,0,55,37,288,288,10,1000
gsm8k-test-01163-39fda382,0,0,49,49,288,288,1000000000000000000,1000000000000000
gsm8k-test-01164-a81aa1b5,0,0,58,69,288,288,2,16
gsm8k-test-01165-26c65d31,0,0,75,118,288,288,100,15
gsm8k-test-01166-8c0bb115,0,0,4,4,261,261,19,15
gsm8k-test-01167-f8fc73f3,0,0,54,53,288,288,10,100
gsm8k-test-01168-3cb0a38d,0,0,110,101,288,288,17,3
gsm8k-test-01169-4459d95c,0,0,100,6,288,263,15,1000
gsm8k-test-01170-3d95128b,0,0,109,89,288,288,4,12
gsm8k-test-01171-e03f54e7,0,0,18,3,265,260,5000,5
gsm8k-test-01172-8946bef8,0,0,103,102,288,288,5,10
gsm8k-test-01173-6206bc51,0,0,105,37,288,288,20,1
gsm8k-test-01174-f68cc08e,0,0,6,32,263,288,1000,1000000000000000000000000000000
gsm8k-test-01175-86b3ca57,0,0,79,40,288,288,100,4
gsm8k-test-01176-311f9860,0,0,4,79,261,288,16,30
gsm8k-test-01177-4568b20a,0,0,66,49,288,288,12,1000000000000000
gsm8k-test-01178-173e1d62,0,0,43,80,288,288,2,15
gsm8k-test-01179-213b8d63,0,0,64,63,288,288,2,26
gsm8k-test-01180-5c273a42,0,0,73,83,288,288,13,3
gsm8k-test-01181-e2efd4ff,0,0,49,3,288,260,10000000000000000000,5
gsm8k-test-01182-cc0ffee6,0,0,70,44,288,288,100,100000000000000000
gsm8k-test-01183-48d6c742,0,0,125,7,288,263,5,5
gsm8k-test-01184-1a93ae06,0,0,83,69,288,288,100,17
gsm8k-test-01185-7eb4490a,0,0,94,96,288,288,12,13
gsm8k-test-01186-fd618874,0,0,82,3,288,90,100,5
gsm8k-test-01187-d3eceda3,0,0,89,32,288,288,20,13
gsm8k-test-01188-edc65df3,0,0,71,76,288,288,1000000000000,28
gsm8k-test-01189-ee808165,0,0,44,85,288,288,8,1
gsm8k-test-01190-7a2c6c6b,0,0,111,61,288,288,100,78
gsm8k-test-01191-1fbc3423,1,0,84,45,288,288,100,1
gsm8k-test-01192-1f9257cb,0,0,4,4,261,261,10,10
gsm8k-test-01193-48e1f4b9,0,0,6,4,263,261,3.00,18
gsm8k-test-01194-403c14d7,0,0,4,4,261,261,40,40
gsm8k-test-01195-1b204b20,0,0,4,135,261,288,30,3
gsm8k-test-01196-27ce0aa5,0,0,49,49,288,288,1000000000000000,1
gsm8k-test-01197-ff0da3f8,0,0,52,38,288,288,1600,1600000
gsm8k-test-01198-edcaf9b8,0,0,94,82,288,288,100,10
gsm8k-test-01199-afec5cd2,0,0,10,12,261,262,1,12
gsm8k-test-01200-035f5831,0,0,97,81,288,288,4,13
gsm8k-test-01201-2e6bc110,0,0,86,39,288,288,14,66
gsm8k-test-01202-a560fa27,0,0,89,4,288,209,2,12
gsm8k-test-01203-d16951dd,0,0,105,27,288,266,11,3
gsm8k-test-01204-8340c7f0,0,0,106,86,288,288,100,20
gsm8k-test-01205-a0b9c4b9,0,0,97,4,288,261,10,18
gsm8k-test-01206-ad6628c1,0,0,73,9,288,266,1000,250000
gsm8k-test-01207-d8f30eb5,0,0,96,81,288,288,1000,10
gsm8k-test-01208-6b97458b,0,0,72,87,288,288,1.50,14
gsm8k-test-01209-a7f615da,0,0,9,9,261,261,1,1
gsm8k-test-01210-e3871913,0,0,100,14,288,194,10,320
gsm8k-test-01211-f0c2ba0b,0,0,76,82,288,288,10.0,10.0
gsm8k-test-01212-477173f4,0,0,95,76,288,288,16,14
gsm8k-test-01213-06591e30,0,0,52,32,288,288,4,1000000000000000000000000000000
gsm8k-test-01214-f8718355,1,0,3,4,260,261,5,10
gsm8k-test-01215-133bd951,0,0,5,109,262,288,1.5,60
gsm8k-test-01216-5b792a71,0,0,5,38,262,288,200,40
gsm8k-test-01217-8449de11,0,0,96,91,288,288,5,5
gsm8k-test-01218-9f0055b9,0,0,4,15,261,265,10,10.55
gsm8k-test-01219-fb3b5890,0,0,88,84,288,288,10,17
gsm8k-test-01220-23adfa57,0,0,9,86,262,288,40,40
gsm8k-test-01221-1d377316,0,0,4,137,261,288,16,16
gsm8k-test-01222-5093c482,0,0,85,103,288,288,12,175
gsm8k-test-01223-f2cd1186,0,0,72,69,288,288,100,120
gsm8k-test-01224-d7b5398f,0,0,95,95,288,288,100,15
gsm8k-test-01225-4181c7ad,0,0,139,72,288,288,2,15
gsm8k-test-01226-dde46487,0,0,103,66,288,288,1,1.00
gsm8k-test-01227-619fa223,0,0,99,4,288,261,10,14
gsm8k-test-01228-3931b636,0,0,49,32,288,288,120000000000000000,0
gsm8k-test-01229-38bdd73b,0,0,61,53,288,288,1.95,70
gsm8k-test-01230-cd7058cf,0,0,39,127,288,288,80,6
gsm8k-test-01231-f5af76ef,0,0,80,52,288,288,6,40
gsm8k-test-01232-471ad408,0,0,94,43,288,288,10,4
gsm8k-test-01233-609f5da6,0,0,55,62,288,288,10000000000000,199990
gsm8k-test-01234-b59a44d3,0,0,34,67,288,288,3,2
gsm8k-test-01235-78dd8c8b,0,0,76,77,288,288,100,2
gsm8k-test-01236-dc39201f,0,0,55,58,288,288,1000000000000000,2
gsm8k-test-01237-68263ad7,0,0,69,70,288,288,13,100
gsm8k-test-01238-a2a8fd63,0,0,6,93,263,288,1000,10
gsm8k-test-01239-d41990a9,0,0,94,86,288,288,1,5
gsm8k-test-01240-ffc98910,0,0,98,32,288,288,10,20
gsm8k-test-01241-b36d2503,0,0,71,78,288,288,10,19
gsm8k-test-01242-738f3e64,0,0,86,67,288,288,0,100
gsm8k-test-01243-06a2b53d,0,0,72,46,288,288,1,180.00
gsm8k-test-01244-473c3547,0,0,129,82,288,288,10,20
gsm8k-test-01245-851383ce,0,0,5,77,262,288,678,100
gsm8k-test-01246-88c5c9b0,0,0,5,74,262,288,120,20
gsm8k-test-01247-5b64f571,0,0,121,97,288,288,10,3
gsm8k-test-01248-9d6030c8,0,0,4,90,261,288,15,25
gsm8k-test-01249-ff564eee,0,0,3,78,260,288,2,2
gsm8k-test-01250-74489dd2,0,0,50,33,288,288,10000000000,8
gsm8k-test-01251-a4593649,0,0,95,97,288,288,120,100
gsm8k-test-01252-8b33d0a0,0,0,110,39,288,288,15,6
gsm8k-test-01253-3c9fa086,0,0,77,22,288,266,6,31
gsm8k-test-01254-913049ca,0,0,82,32,288,288,1000,24
gsm8k-test-01255-6ddcb10d,0,0,82,93,288,288,1000,1
gsm8k-test-01256-ab8dc3a9,0,0,12,4,262,261,10,14
gsm8k-test-01257-3a86a057,0,0,83,6,288,263,100,2.00
gsm8k-test-01258-0f52b2f2,0,0,88,4,288,261,100,50
gsm8k-test-01259-2e4540b8,0,0,86,32,288,288,20,1000000000000000000000000000000
gsm8k-test-01260-dfd7ef9b,1,0,128,9,288,262,5,10
gsm8k-test-01261-d4914b2e,0,0,3,99,260,288,5,1
gsm8k-test-01262-48de5137,0,0,62,11,288,262,100,52
gsm8k-test-01263-fbca4a50,0,0,4,82,261,288,60,6
gsm8k-test-01264-7d9f9a11,0,0,4,90,261,288,30,13
gsm8k-test-01265-4d6fc740,0,0,83,112,288,288,4,2
gsm8k-test-01266-d9a86b5e,0,0,89,32,288,288,100,8000000000000000000000000000000
gsm8k-test-01267-6195030e,0,0,75,70,288,288,4,4
gsm8k-test-01268-8ad95507,0,0,3,3,260,260,1,8
gsm8k-test-01269-c9da3080,0,0,86,104,288,288,4,2
gsm8k-test-01270-0200e645,0,0,64,32,288,288,10,1000000000000000000000000000000
gsm8k-test-01271-5343412b,0,0,36,4,288,261,232,54
gsm8k-test-01272-db8209d8,0,0,88,63,288,288,10,20
gsm8k-test-01273-6a0784b8,0,0,4,4,261,261,66,52
gsm8k-test-01274-1e1f15a4,0,0,105,95,288,288,12,99
gsm8k-test-01275-a1fdabcd,0,0,65,70,288,288,10,10
gsm8k-test-01276-93fd7b8f,0,0,103,93,288,288,50,12
gsm8k-test-01277-b8b9bfd3,0,0,51,91,288,288,18,40
gsm8k-test-01278-8b75a122,0,0,58,17,288,265,10000000000000,1000
gsm8k-test-01279-d5109d41,0,0,25,71,278,288,30,15
gsm8k-test-01280-23d18a9f,0,0,48,68,288,288,0.12,10
gsm8k-test-01281-22d608d6,0,0,96,84,288,288,4,4
gsm8k-test-01282-58b5e29a,0,0,99,33,288,288,10,8
gsm8k-test-01283-6870edb8,0,0,49,84,288,288,1000000000000000,16
gsm8k-test-01284-36085227,0,0,118,93,288,288,10,5
gsm8k-test-01285-191ddec1,0,0,36,7,288,264,13,1330
gsm8k-test-01286-5e272f34,0,0,79,45,288,288,10,1000000000000000
gsm8k-test-01287-d3419c82,0,0,96,74,288,288,16,28
gsm8k-test-01288-370f1dab,0,0,108,101,288,288,1,100
gsm8k-test-01289-d2df3eca,0,0,92,37,288,288,18,3
gsm8k-test-01290-7aa654e3,0,0,4,69,209,288,75,9
gsm8k-test-01291-c9a43592,0,0,98,60,288,288,10,18
gsm8k-test-01292-dbffd01c,0,0,25,3,269,260,36,3
gsm8k-test-01293-46bce910,0,0,76,4,288,261,40000,14
gsm8k-test-01294-e53a57cf,0,0,89,92,288,288,5,17
gsm8k-test-01295-0c0f15cc,0,0,111,111,288,288,3,3
gsm8k-test-01296-a7934457,0,0,73,116,288,288,17,14
gsm8k-test-01297-ac83a1ad,0,0,4,4,261,261,10,13
gsm8k-test-01298-514116d4,0,0,87,72,288,288,1,32
gsm8k-test-01299-d4350e7f,0,0,46,7,288,94,15,22.50
gsm8k-test-01300-0e15d215,0,0,77,3,288,260,8,4
gsm8k-test-01301-f7764199,0,0,79,3,288,260,3,6
gsm8k-test-01302-0d5bf735,0,0,96,38,288,288,5,6
gsm8k-test-01303-82304ae7,0,0,91,69,288,288,5,14
gsm8k-test-01304-83dce85a,0,0,86,105,288,288,4000,4
gsm8k-test-01305-fb7a39c5,0,0,92,20,288,275,7995,3075
gsm8k-test-01306-19f8f54a,0,0,4,4,261,261,14,29
gsm8k-test-01307-e47612db,0,0,60,41,288,288,100,4
gsm8k-test-01308-d235b82a,0,0,53,105,288,288,100000000000000,2
gsm8k-test-01309-5dc76d77,0,0,111,83,288,288,320,320
gsm8k-test-01310-055e0111,0,0,72,68,288,288,200,100
gsm8k-test-01311-e5deb6c1,0,0,4,91,261,288,16,3
gsm8k-test-01312-b614c3bc,0,0,32,9,288,261,1000000000000000000000000000000,2
gsm8k-test-01313-e4d81d5a,0,0,4,88,261,288,16,8
gsm8k-test-01314-74a28283,0,0,90,94,288,288,25,20
gsm8k-test-01315-aea1f30b,0,0,87,114,288,288,20,4
gsm8k-test-01316-c0676c5d,0,0,83,65,288,288,10,800
gsm8k-test-01317-8140dfb0,0,0,102,32,288,288,70,1000000000000000000000000000000
gsm8k-test-01318-d633d02d,0,0,72,88,288,288,200,8
